NAICS_Code,Year,Month,Total_Sales
441,2018,Jan,87735
"4411,4412",2018,Jan,80723
4411,2018,Jan,76671
44111,2018,Jan,67953
44112,2018,Jan,8718
4413,2018,Jan,7012
"442,443",2018,Jan,16550
442,2018,Jan,8699
4421,2018,Jan,4697
4422,2018,Jan,4002
442299,2018,Jan,2292
443,2018,Jan,7851
443141,2018,Jan,1224
443142,2018,Jan,6627
444,2018,Jan,24501
4441,2018,Jan,22049
44412,2018,Jan,820
44413,2018,Jan,1889
445,2018,Jan,60510
4451,2018,Jan,54897
44511,2018,Jan,52742
4453,2018,Jan,3992
446,2018,Jan,28292
44611,2018,Jan,24173
447,2018,Jan,37558
448,2018,Jan,15881
4481,2018,Jan,11735
44811,2018,Jan,567
44812,2018,Jan,2363
44814,2018,Jan,6303
44819,2018,Jan,1243
4482,2018,Jan,2027
44831,2018,Jan,1917
451,2018,Jan,5937
45111,2018,Jan,2721
45112,2018,Jan,1094
451211,2018,Jan,1269
452,2018,Jan,50235
4521,2018,Jan,9103
452111,2018,Jan,2809
452112,2018,Jan,6294
4529,2018,Jan,41132
45291,2018,Jan,35340
45299,2018,Jan,5792
453,2018,Jan,9651
4532,2018,Jan,2116
45321,2018,Jan,1109
45322,2018,Jan,1007
45330,2018,Jan,1428
454,2018,Jan,53839
4541,2018,Jan,44962
45431,2018,Jan,5082
722,2018,Jan,54795
7224,2018,Jan,2178
7225,2018,Jan,47824
722511,2018,Jan,24035
441,2017,Jan,84240
"4411,4412",2017,Jan,77399
4411,2017,Jan,73667
44111,2017,Jan,65249
44112,2017,Jan,8418
4413,2017,Jan,6841
"442,443",2017,Jan,15830
442,2017,Jan,8307
4421,2017,Jan,4517
4422,2017,Jan,3790
44221,2017,Jan,1433
442299,2017,Jan,2203
443,2017,Jan,7523
443141,2017,Jan,1273
443142,2017,Jan,6250
444,2017,Jan,23383
4441,2017,Jan,21103
44412,2017,Jan,776
44413,2017,Jan,1717
445,2017,Jan,57414
4451,2017,Jan,52069
44511,2017,Jan,49971
4453,2017,Jan,3734
446,2017,Jan,26492
44611,2017,Jan,22418
447,2017,Jan,34136
448,2017,Jan,15663
4481,2017,Jan,11655
44811,2017,Jan,555
44812,2017,Jan,2410
44814,2017,Jan,6013
44819,2017,Jan,1465
4482,2017,Jan,2097
44831,2017,Jan,1742
451,2017,Jan,6257
45111,2017,Jan,2915
45112,2017,Jan,1183
451211,2017,Jan,1373
452,2017,Jan,49248
4521,2017,Jan,9223
452111,2017,Jan,2943
452112,2017,Jan,6280
4529,2017,Jan,40025
45291,2017,Jan,34599
45299,2017,Jan,5426
453,2017,Jan,8807
4532,2017,Jan,2154
45321,2017,Jan,1201
45322,2017,Jan,953
45330,2017,Jan,1344
454,2017,Jan,47188
4541,2017,Jan,40085
45431,2017,Jan,3333
722,2017,Jan,52902
7224,2017,Jan,2104
7225,2017,Jan,46326
722511,2017,Jan,23051
441,2016,Jan,80151
"4411,4412",2016,Jan,73365
4411,2016,Jan,69732
44111,2016,Jan,62088
44112,2016,Jan,7644
4413,2016,Jan,6786
"442,443",2016,Jan,15780
442,2016,Jan,8181
4421,2016,Jan,4515
4422,2016,Jan,3666
44221,2016,Jan,1400
442299,2016,Jan,2134
443,2016,Jan,7599
443141,2016,Jan,1230
443142,2016,Jan,6369
444,2016,Jan,21980
4441,2016,Jan,19656
44412,2016,Jan,696
44413,2016,Jan,1688
445,2016,Jan,56837
4451,2016,Jan,51652
44511,2016,Jan,49701
4453,2016,Jan,3604
446,2016,Jan,26088
44611,2016,Jan,22152
447,2016,Jan,30018
448,2016,Jan,15694
4481,2016,Jan,11616
44811,2016,Jan,560
44812,2016,Jan,2495
44814,2016,Jan,6080
44819,2016,Jan,1251
4482,2016,Jan,2117
44831,2016,Jan,1777
451,2016,Jan,6459
45111,2016,Jan,3057
45112,2016,Jan,1186
451211,2016,Jan,1429
452,2016,Jan,49182
4521,2016,Jan,10091
452111,2016,Jan,3264
452112,2016,Jan,6827
4529,2016,Jan,39091
45291,2016,Jan,34044
45299,2016,Jan,5047
453,2016,Jan,8412
4532,2016,Jan,2236
45321,2016,Jan,1241
45322,2016,Jan,995
45330,2016,Jan,1248
454,2016,Jan,41289
4541,2016,Jan,34523
45431,2016,Jan,3193
722,2016,Jan,50092
7224,2016,Jan,1910
7225,2016,Jan,44126
722511,2016,Jan,22635
441,2015,Jan,78427
"4411,4412",2015,Jan,71877
4411,2015,Jan,68415
44111,2015,Jan,60980
44112,2015,Jan,7435
4413,2015,Jan,6550
"442,443",2015,Jan,16183
442,2015,Jan,7964
4421,2015,Jan,4434
4422,2015,Jan,3530
44221,2015,Jan,1372
442299,2015,Jan,2034
443,2015,Jan,8219
443141,2015,Jan,1262
443142,2015,Jan,6957
444,2015,Jan,21126
4441,2015,Jan,18837
44412,2015,Jan,691
44413,2015,Jan,1702
445,2015,Jan,56540
4451,2015,Jan,51377
44511,2015,Jan,49513
4453,2015,Jan,3572
446,2015,Jan,25663
44611,2015,Jan,21713
447,2015,Jan,32445
448,2015,Jan,15764
4481,2015,Jan,11612
44811,2015,Jan,581
44812,2015,Jan,2512
44814,2015,Jan,6025
44819,2015,Jan,1260
4482,2015,Jan,2058
44831,2015,Jan,1891
451,2015,Jan,6234
45111,2015,Jan,2839
45112,2015,Jan,1126
451211,2015,Jan,1485
452,2015,Jan,49498
4521,2015,Jan,10772
452111,2015,Jan,3502
452112,2015,Jan,7270
4529,2015,Jan,38726
45291,2015,Jan,33902
45299,2015,Jan,4824
453,2015,Jan,8634
4532,2015,Jan,2441
45321,2015,Jan,1432
45322,2015,Jan,1009
45330,2015,Jan,1240
454,2015,Jan,39553
4541,2015,Jan,31761
45431,2015,Jan,4493
722,2015,Jan,47960
7224,2015,Jan,1768
7225,2015,Jan,42099
722511,2015,Jan,21846
441,2014,Jan,70382
"4411,4412",2014,Jan,63806
4411,2014,Jan,60619
44111,2014,Jan,54554
44112,2014,Jan,6065
4413,2014,Jan,6576
"442,443",2014,Jan,15225
442,2014,Jan,7201
4421,2014,Jan,3904
4422,2014,Jan,3297
44221,2014,Jan,1260
442299,2014,Jan,1930
443,2014,Jan,8024
443141,2014,Jan,1254
443142,2014,Jan,6770
444,2014,Jan,19922
4441,2014,Jan,17720
44412,2014,Jan,630
44413,2014,Jan,1637
445,2014,Jan,54048
4451,2014,Jan,49165
44511,2014,Jan,47312
4453,2014,Jan,3381
446,2014,Jan,24171
44611,2014,Jan,20634
447,2014,Jan,42140
448,2014,Jan,15179
4481,2014,Jan,11082
44811,2014,Jan,573
44812,2014,Jan,2469
44814,2014,Jan,5704
44819,2014,Jan,1172
4482,2014,Jan,1994
44831,2014,Jan,1904
451,2014,Jan,5953
45111,2014,Jan,2700
45112,2014,Jan,1019
451211,2014,Jan,1482
452,2014,Jan,47308
4521,2014,Jan,10581
452111,2014,Jan,3467
452112,2014,Jan,7114
4529,2014,Jan,36727
45291,2014,Jan,32183
45299,2014,Jan,4544
453,2014,Jan,8137
4532,2014,Jan,2471
45321,2014,Jan,1489
45322,2014,Jan,982
45330,2014,Jan,1121
454,2014,Jan,37657
4541,2014,Jan,27869
45431,2014,Jan,6405
722,2014,Jan,42932
7224,2014,Jan,1665
7225,2014,Jan,37554
722511,2014,Jan,19484
441,2018,Feb,89300
"4411,4412",2018,Feb,82494
4411,2018,Feb,77657
44111,2018,Feb,67860
44112,2018,Feb,9797
4413,2018,Feb,6806
"442,443",2018,Feb,16006
442,2018,Feb,8505
4421,2018,Feb,4794
4422,2018,Feb,3711
442299,2018,Feb,2046
443,2018,Feb,7501
443141,2018,Feb,1222
443142,2018,Feb,6279
444,2018,Feb,24437
4441,2018,Feb,21716
44412,2018,Feb,837
44413,2018,Feb,1790
445,2018,Feb,56682
4451,2018,Feb,51045
44511,2018,Feb,48934
4453,2018,Feb,3993
446,2018,Feb,26155
44611,2018,Feb,21878
447,2018,Feb,35713
448,2018,Feb,18585
4481,2018,Feb,13064
44811,2018,Feb,603
44812,2018,Feb,2697
44814,2018,Feb,7042
44819,2018,Feb,1283
4482,2018,Feb,2633
44831,2018,Feb,2665
451,2018,Feb,5604
45111,2018,Feb,2963
45112,2018,Feb,1127
451211,2018,Feb,689
452,2018,Feb,50488
4521,2018,Feb,9685
452111,2018,Feb,3245
452112,2018,Feb,6440
4529,2018,Feb,40803
45291,2018,Feb,34871
45299,2018,Feb,5932
453,2018,Feb,9398
4532,2018,Feb,2034
45321,2018,Feb,927
45322,2018,Feb,1107
45330,2018,Feb,1479
454,2018,Feb,49564
4541,2018,Feb,42317
45431,2018,Feb,3388
722,2018,Feb,55073
7224,2018,Feb,2148
7225,2018,Feb,47578
722511,2018,Feb,24067
441,2017,Feb,88429
"4411,4412",2017,Feb,81674
4411,2017,Feb,76668
44111,2017,Feb,67173
44112,2017,Feb,9495
4413,2017,Feb,6755
"442,443",2017,Feb,15469
442,2017,Feb,8277
4421,2017,Feb,4624
4422,2017,Feb,3653
44221,2017,Feb,1486
442299,2017,Feb,2001
443,2017,Feb,7192
443141,2017,Feb,1261
443142,2017,Feb,5931
444,2017,Feb,23538
4441,2017,Feb,20831
44412,2017,Feb,801
44413,2017,Feb,1633
445,2017,Feb,54131
4451,2017,Feb,48748
44511,2017,Feb,46687
4453,2017,Feb,3768
446,2017,Feb,25479
44611,2017,Feb,21279
447,2017,Feb,32457
448,2017,Feb,17745
4481,2017,Feb,12497
44811,2017,Feb,574
44812,2017,Feb,2705
44814,2017,Feb,6526
44819,2017,Feb,1406
4482,2017,Feb,2617
44831,2017,Feb,2435
451,2017,Feb,5590
45111,2017,Feb,2990
45112,2017,Feb,1183
451211,2017,Feb,666
452,2017,Feb,48937
4521,2017,Feb,9753
452111,2017,Feb,3377
452112,2017,Feb,6376
4529,2017,Feb,39184
45291,2017,Feb,33630
45299,2017,Feb,5554
453,2017,Feb,8993
4532,2017,Feb,2011
45321,2017,Feb,986
45322,2017,Feb,1025
45330,2017,Feb,1374
454,2017,Feb,44468
4541,2017,Feb,37904
45431,2017,Feb,2839
722,2017,Feb,52747
7224,2017,Feb,2088
7225,2017,Feb,45778
722511,2017,Feb,22933
441,2016,Feb,89395
"4411,4412",2016,Feb,82237
4411,2016,Feb,77573
44111,2016,Feb,67293
44112,2016,Feb,10280
4413,2016,Feb,7158
"442,443",2016,Feb,16224
442,2016,Feb,8384
4421,2016,Feb,4728
4422,2016,Feb,3656
44221,2016,Feb,1444
442299,2016,Feb,2079
443,2016,Feb,7840
443141,2016,Feb,1331
443142,2016,Feb,6509
444,2016,Feb,23177
4441,2016,Feb,20587
44412,2016,Feb,779
44413,2016,Feb,1700
445,2016,Feb,54016
4451,2016,Feb,48568
44511,2016,Feb,46623
4453,2016,Feb,3765
446,2016,Feb,26742
44611,2016,Feb,22383
447,2016,Feb,27991
448,2016,Feb,18939
4481,2016,Feb,13177
44811,2016,Feb,622
44812,2016,Feb,2965
44814,2016,Feb,6871
44819,2016,Feb,1350
4482,2016,Feb,2883
44831,2016,Feb,2649
451,2016,Feb,5871
45111,2016,Feb,3184
45112,2016,Feb,1216
451211,2016,Feb,691
452,2016,Feb,51119
4521,2016,Feb,10971
452111,2016,Feb,3848
452112,2016,Feb,7123
4529,2016,Feb,40148
45291,2016,Feb,34610
45299,2016,Feb,5538
453,2016,Feb,8758
4532,2016,Feb,2206
45321,2016,Feb,1126
45322,2016,Feb,1080
45330,2016,Feb,1287
454,2016,Feb,41455
4541,2016,Feb,34783
45431,2016,Feb,2982
722,2016,Feb,51502
7224,2016,Feb,1912
7225,2016,Feb,45154
722511,2016,Feb,23140
441,2015,Feb,79512
"4411,4412",2015,Feb,72863
4411,2015,Feb,68917
44111,2015,Feb,59825
44112,2015,Feb,9092
4413,2015,Feb,6649
"442,443",2015,Feb,15447
442,2015,Feb,7514
4421,2015,Feb,4265
4422,2015,Feb,3249
44221,2015,Feb,1291
442299,2015,Feb,1831
443,2015,Feb,7933
443141,2015,Feb,1238
443142,2015,Feb,6695
444,2015,Feb,19882
4441,2015,Feb,17657
44412,2015,Feb,674
44413,2015,Feb,1631
445,2015,Feb,51943
4451,2015,Feb,46905
44511,2015,Feb,45094
4453,2015,Feb,3482
446,2015,Feb,24106
44611,2015,Feb,20085
447,2015,Feb,31583
448,2015,Feb,17980
4481,2015,Feb,12590
44811,2015,Feb,633
44812,2015,Feb,2762
44814,2015,Feb,6523
44819,2015,Feb,1273
4482,2015,Feb,2591
44831,2015,Feb,2618
451,2015,Feb,5413
45111,2015,Feb,2831
45112,2015,Feb,1155
451211,2015,Feb,687
452,2015,Feb,49136
4521,2015,Feb,11204
452111,2015,Feb,3945
452112,2015,Feb,7259
4529,2015,Feb,37932
45291,2015,Feb,32882
45299,2015,Feb,5050
453,2015,Feb,8503
4532,2015,Feb,2288
45321,2015,Feb,1221
45322,2015,Feb,1067
45330,2015,Feb,1182
454,2015,Feb,37954
4541,2015,Feb,29988
45431,2015,Feb,4698
722,2015,Feb,46604
7224,2015,Feb,1707
7225,2015,Feb,40635
722511,2015,Feb,21053
441,2014,Feb,74954
"4411,4412",2014,Feb,68319
4411,2014,Feb,64321
44111,2014,Feb,56299
44112,2014,Feb,8022
4413,2014,Feb,6635
"442,443",2014,Feb,15236
442,2014,Feb,7227
4421,2014,Feb,4069
4422,2014,Feb,3158
44221,2014,Feb,1226
442299,2014,Feb,1824
443,2014,Feb,8009
443141,2014,Feb,1267
443142,2014,Feb,6742
444,2014,Feb,19028
4441,2014,Feb,16875
44412,2014,Feb,623
44413,2014,Feb,1544
445,2014,Feb,49913
4451,2014,Feb,45122
44511,2014,Feb,43267
4453,2014,Feb,3310
446,2014,Feb,22781
44611,2014,Feb,19140
447,2014,Feb,40169
448,2014,Feb,17507
4481,2014,Feb,12100
44811,2014,Feb,636
44812,2014,Feb,2823
44814,2014,Feb,6257
44819,2014,Feb,1123
4482,2014,Feb,2583
44831,2014,Feb,2615
451,2014,Feb,5355
45111,2014,Feb,2779
45112,2014,Feb,1090
451211,2014,Feb,729
452,2014,Feb,48873
4521,2014,Feb,11587
452111,2014,Feb,4079
452112,2014,Feb,7508
4529,2014,Feb,37286
45291,2014,Feb,32406
45299,2014,Feb,4880
453,2014,Feb,8221
4532,2014,Feb,2391
45321,2014,Feb,1292
45322,2014,Feb,1099
45330,2014,Feb,1169
454,2014,Feb,35092
4541,2014,Feb,26138
45431,2014,Feb,5644
722,2014,Feb,42890
7224,2014,Feb,1649
7225,2014,Feb,37313
722511,2014,Feb,19526
441,2018,Mar,109339
"4411,4412",2018,Mar,101287
4411,2018,Mar,94567
44111,2018,Mar,83435
44112,2018,Mar,11132
4413,2018,Mar,8052
"442,443",2018,Mar,18170
442,2018,Mar,10013
4421,2018,Mar,5675
4422,2018,Mar,4338
442299,2018,Mar,2401
443,2018,Mar,8157
443141,2018,Mar,1418
443142,2018,Mar,6739
444,2018,Mar,30843
4441,2018,Mar,26826
44412,2018,Mar,1014
44413,2018,Mar,2280
445,2018,Mar,64077
4451,2018,Mar,57499
44511,2018,Mar,55097
4453,2018,Mar,4673
446,2018,Mar,28975
44611,2018,Mar,23909
447,2018,Mar,40958
448,2018,Mar,22404
4481,2018,Mar,16590
44811,2018,Mar,754
44812,2018,Mar,3519
44814,2018,Mar,9017
44819,2018,Mar,1513
4482,2018,Mar,3186
44831,2018,Mar,2382
451,2018,Mar,6904
45111,2018,Mar,3693
45112,2018,Mar,1569
451211,2018,Mar,715
452,2018,Mar,58712
4521,2018,Mar,11462
452111,2018,Mar,3831
452112,2018,Mar,7631
4529,2018,Mar,47250
45291,2018,Mar,40418
45299,2018,Mar,6832
453,2018,Mar,10519
4532,2018,Mar,2265
45321,2018,Mar,996
45322,2018,Mar,1269
45330,2018,Mar,1668
454,2018,Mar,55611
4541,2018,Mar,47943
45431,2018,Mar,3211
722,2018,Mar,63868
7225,2018,Mar,55388
722511,2018,Mar,27846
441,2017,Mar,105194
"4411,4412",2017,Mar,97049
4411,2017,Mar,89892
44111,2017,Mar,79068
44112,2017,Mar,10824
4413,2017,Mar,8145
"442,443",2017,Mar,17722
442,2017,Mar,9698
4421,2017,Mar,5320
4422,2017,Mar,4378
442299,2017,Mar,2343
443,2017,Mar,8024
443141,2017,Mar,1459
443142,2017,Mar,6565
444,2017,Mar,30610
4441,2017,Mar,26315
44412,2017,Mar,1013
44413,2017,Mar,2049
445,2017,Mar,59855
4451,2017,Mar,53851
44511,2017,Mar,51515
4453,2017,Mar,4260
446,2017,Mar,28352
44611,2017,Mar,23398
447,2017,Mar,37070
448,2017,Mar,21028
4481,2017,Mar,15564
44811,2017,Mar,708
44812,2017,Mar,3405
44814,2017,Mar,8348
44819,2017,Mar,1538
4482,2017,Mar,3162
44831,2017,Mar,2102
451,2017,Mar,6668
45111,2017,Mar,3732
45112,2017,Mar,1356
451211,2017,Mar,684
452,2017,Mar,55043
4521,2017,Mar,11439
452111,2017,Mar,3895
452112,2017,Mar,7544
4529,2017,Mar,43604
45291,2017,Mar,37298
45299,2017,Mar,6306
453,2017,Mar,10115
4532,2017,Mar,2238
45321,2017,Mar,1076
45322,2017,Mar,1162
45330,2017,Mar,1571
454,2017,Mar,51259
4541,2017,Mar,44105
45431,2017,Mar,2831
722,2017,Mar,60143
7224,2017,Mar,2437
7225,2017,Mar,52347
722511,2017,Mar,25901
441,2016,Mar,100382
"4411,4412",2016,Mar,92369
4411,2016,Mar,85595
44111,2016,Mar,75634
44112,2016,Mar,9961
4413,2016,Mar,8013
"442,443",2016,Mar,17205
442,2016,Mar,9264
4421,2016,Mar,5096
4422,2016,Mar,4168
44221,2016,Mar,1710
442299,2016,Mar,2288
443,2016,Mar,7941
443141,2016,Mar,1391
443142,2016,Mar,6550
444,2016,Mar,29942
4441,2016,Mar,25490
44412,2016,Mar,964
44413,2016,Mar,2057
445,2016,Mar,57929
4451,2016,Mar,52038
44511,2016,Mar,49865
4453,2016,Mar,4041
446,2016,Mar,28299
44611,2016,Mar,23541
447,2016,Mar,32406
448,2016,Mar,21492
4481,2016,Mar,15950
44811,2016,Mar,709
44812,2016,Mar,3691
44814,2016,Mar,8482
44819,2016,Mar,1465
4482,2016,Mar,3171
44831,2016,Mar,2139
451,2016,Mar,6941
45111,2016,Mar,4009
45112,2016,Mar,1368
451211,2016,Mar,684
452,2016,Mar,55822
4521,2016,Mar,12451
452111,2016,Mar,4430
452112,2016,Mar,8021
4529,2016,Mar,43371
45291,2016,Mar,37262
45299,2016,Mar,6109
453,2016,Mar,9794
4532,2016,Mar,2335
45321,2016,Mar,1156
45322,2016,Mar,1179
45330,2016,Mar,1396
454,2016,Mar,45098
4541,2016,Mar,38627
45431,2016,Mar,2275
722,2016,Mar,55888
7224,2016,Mar,2090
7225,2016,Mar,49121
722511,2016,Mar,24587
441,2015,Mar,96419
"4411,4412",2015,Mar,88803
4411,2015,Mar,82636
44111,2015,Mar,73305
44112,2015,Mar,9331
4413,2015,Mar,7616
"442,443",2015,Mar,16723
442,2015,Mar,8616
4421,2015,Mar,4769
4422,2015,Mar,3847
44221,2015,Mar,1513
442299,2015,Mar,2180
443,2015,Mar,8107
443141,2015,Mar,1401
443142,2015,Mar,6706
444,2015,Mar,26479
4441,2015,Mar,23008
44412,2015,Mar,865
44413,2015,Mar,1928
445,2015,Mar,56508
4451,2015,Mar,50933
44511,2015,Mar,48876
4453,2015,Mar,3857
446,2015,Mar,26845
44611,2015,Mar,22366
447,2015,Mar,36772
448,2015,Mar,20752
4481,2015,Mar,15502
44811,2015,Mar,699
44812,2015,Mar,3545
44814,2015,Mar,8149
44819,2015,Mar,1439
4482,2015,Mar,2933
44831,2015,Mar,2133
451,2015,Mar,6519
45111,2015,Mar,3690
45112,2015,Mar,1318
451211,2015,Mar,657
452,2015,Mar,54736
4521,2015,Mar,13144
452111,2015,Mar,4545
452112,2015,Mar,8599
4529,2015,Mar,41592
45291,2015,Mar,35953
45299,2015,Mar,5639
453,2015,Mar,9349
4532,2015,Mar,2354
45321,2015,Mar,1194
45322,2015,Mar,1160
45330,2015,Mar,1413
454,2015,Mar,41746
4541,2015,Mar,34159
45431,2015,Mar,3776
722,2015,Mar,53122
7224,2015,Mar,1975
7225,2015,Mar,46657
722511,2015,Mar,23829
441,2014,Mar,90488
"4411,4412",2014,Mar,83086
4411,2014,Mar,77611
44111,2014,Mar,69047
44112,2014,Mar,8564
4413,2014,Mar,7402
"442,443",2014,Mar,16428
442,2014,Mar,8104
4421,2014,Mar,4586
4422,2014,Mar,3518
44221,2014,Mar,1386
442299,2014,Mar,2007
443,2014,Mar,8324
443141,2014,Mar,1396
443142,2014,Mar,6928
444,2014,Mar,24404
4441,2014,Mar,20788
44412,2014,Mar,801
44413,2014,Mar,1832
445,2014,Mar,54313
4451,2014,Mar,49033
44511,2014,Mar,46954
4453,2014,Mar,3652
446,2014,Mar,24633
44611,2014,Mar,20488
447,2014,Mar,45803
448,2014,Mar,20070
4481,2014,Mar,14863
44811,2014,Mar,702
44812,2014,Mar,3548
44814,2014,Mar,7793
44819,2014,Mar,1293
4482,2014,Mar,2849
44831,2014,Mar,2162
451,2014,Mar,6259
45111,2014,Mar,3522
45112,2014,Mar,1220
451211,2014,Mar,683
452,2014,Mar,53962
4521,2014,Mar,13228
452111,2014,Mar,4660
452112,2014,Mar,8568
4529,2014,Mar,40734
45291,2014,Mar,35552
45299,2014,Mar,5182
453,2014,Mar,8976
4532,2014,Mar,2440
45321,2014,Mar,1351
45322,2014,Mar,1089
45330,2014,Mar,1352
454,2014,Mar,37905
4541,2014,Mar,29580
45431,2014,Mar,4701
722,2014,Mar,49410
7224,2014,Mar,1922
7225,2014,Mar,43184
722511,2014,Mar,22320
441,2018,Apr,99132
"4411,4412",2018,Apr,91594
4411,2018,Apr,84471
44111,2018,Apr,75062
44112,2018,Apr,9409
4413,2018,Apr,7538
"442,443",2018,Apr,16518
442,2018,Apr,9175
4421,2018,Apr,5040
4422,2018,Apr,4135
442299,2018,Apr,2219
443,2018,Apr,7343
443141,2018,Apr,1319
443142,2018,Apr,6024
444,2018,Apr,33127
4441,2018,Apr,28573
44412,2018,Apr,1034
44413,2018,Apr,2311
445,2018,Apr,59907
4451,2018,Apr,53839
44511,2018,Apr,51417
4453,2018,Apr,4364
446,2018,Apr,27617
44611,2018,Apr,23059
447,2018,Apr,41476
448,2018,Apr,20616
4481,2018,Apr,15117
44811,2018,Apr,813
44812,2018,Apr,3396
44814,2018,Apr,8006
44819,2018,Apr,1317
4482,2018,Apr,2819
44831,2018,Apr,2440
451,2018,Apr,6201
45111,2018,Apr,3446
45112,2018,Apr,1224
451211,2018,Apr,689
452,2018,Apr,53570
4521,2018,Apr,10623
452111,2018,Apr,3781
452112,2018,Apr,6842
4529,2018,Apr,42947
45291,2018,Apr,36616
45299,2018,Apr,6331
453,2018,Apr,10223
4532,2018,Apr,2132
45321,2018,Apr,902
45322,2018,Apr,1230
45330,2018,Apr,1530
454,2018,Apr,53291
4541,2018,Apr,46368
45431,2018,Apr,2554
722,2018,Apr,60734
7225,2018,Apr,52357
722511,2018,Apr,26171
441,2017,Apr,96381
"4411,4412",2017,Apr,88905
4411,2017,Apr,81174
44111,2017,Apr,72065
44112,2017,Apr,9109
4413,2017,Apr,7476
"442,443",2017,Apr,15781
442,2017,Apr,8630
4421,2017,Apr,4617
4422,2017,Apr,4013
442299,2017,Apr,2140
443,2017,Apr,7151
443141,2017,Apr,1320
443142,2017,Apr,5831
444,2017,Apr,32748
4441,2017,Apr,27078
44412,2017,Apr,967
44413,2017,Apr,2126
445,2017,Apr,59241
4451,2017,Apr,53138
44511,2017,Apr,50706
4453,2017,Apr,4268
446,2017,Apr,26627
44611,2017,Apr,22342
447,2017,Apr,37393
448,2017,Apr,20852
4481,2017,Apr,15473
44811,2017,Apr,741
44812,2017,Apr,3533
44814,2017,Apr,8413
44819,2017,Apr,1340
4482,2017,Apr,3007
44831,2017,Apr,2173
451,2017,Apr,6379
45111,2017,Apr,3597
45112,2017,Apr,1277
451211,2017,Apr,707
452,2017,Apr,54942
4521,2017,Apr,11278
452111,2017,Apr,3919
452112,2017,Apr,7359
4529,2017,Apr,43664
45291,2017,Apr,37351
45299,2017,Apr,6313
453,2017,Apr,9890
4532,2017,Apr,2148
45321,2017,Apr,937
45322,2017,Apr,1211
45330,2017,Apr,1458
454,2017,Apr,47223
4541,2017,Apr,41425
45431,2017,Apr,1789
722,2017,Apr,58601
7224,2017,Apr,2273
7225,2017,Apr,50750
722511,2017,Apr,24968
441,2016,Apr,96991
"4411,4412",2016,Apr,89477
4411,2016,Apr,82369
44111,2016,Apr,73262
44112,2016,Apr,9107
4413,2016,Apr,7514
"442,443",2016,Apr,15684
442,2016,Apr,8610
4421,2016,Apr,4622
4422,2016,Apr,3988
44221,2016,Apr,1660
442299,2016,Apr,2147
443,2016,Apr,7074
443141,2016,Apr,1314
443142,2016,Apr,5760
444,2016,Apr,32435
4441,2016,Apr,26911
44412,2016,Apr,980
44413,2016,Apr,2093
445,2016,Apr,56104
4451,2016,Apr,50303
44511,2016,Apr,48131
4453,2016,Apr,4103
446,2016,Apr,26905
44611,2016,Apr,22641
447,2016,Apr,34003
448,2016,Apr,20428
4481,2016,Apr,15035
44811,2016,Apr,731
44812,2016,Apr,3552
44814,2016,Apr,8002
44819,2016,Apr,1361
4482,2016,Apr,2858
44831,2016,Apr,2287
451,2016,Apr,6522
45111,2016,Apr,3729
45112,2016,Apr,1245
451211,2016,Apr,675
452,2016,Apr,53280
4521,2016,Apr,11541
452111,2016,Apr,4211
452112,2016,Apr,7330
4529,2016,Apr,41739
45291,2016,Apr,36005
45299,2016,Apr,5734
453,2016,Apr,9871
4532,2016,Apr,2328
45321,2016,Apr,1081
45322,2016,Apr,1247
45330,2016,Apr,1410
454,2016,Apr,42896
4541,2016,Apr,37064
45431,2016,Apr,1738
722,2016,Apr,56349
7224,2016,Apr,2061
7225,2016,Apr,48918
722511,2016,Apr,24527
441,2015,Apr,93672
"4411,4412",2015,Apr,86083
4411,2015,Apr,79486
44111,2015,Apr,70517
44112,2015,Apr,8969
4413,2015,Apr,7589
"442,443",2015,Apr,15579
442,2015,Apr,8261
4421,2015,Apr,4383
4422,2015,Apr,3878
44221,2015,Apr,1625
442299,2015,Apr,2111
443,2015,Apr,7318
443141,2015,Apr,1322
443142,2015,Apr,5996
444,2015,Apr,31450
4441,2015,Apr,25802
44412,2015,Apr,932
44413,2015,Apr,2085
445,2015,Apr,55480
4451,2015,Apr,49828
44511,2015,Apr,47725
4453,2015,Apr,3867
446,2015,Apr,25625
44611,2015,Apr,21551
447,2015,Apr,37070
448,2015,Apr,20389
4481,2015,Apr,15124
44811,2015,Apr,767
44812,2015,Apr,3458
44814,2015,Apr,8037
44819,2015,Apr,1329
4482,2015,Apr,2750
44831,2015,Apr,2298
451,2015,Apr,6237
45111,2015,Apr,3573
45112,2015,Apr,1219
451211,2015,Apr,654
452,2015,Apr,52497
4521,2015,Apr,12320
452111,2015,Apr,4576
452112,2015,Apr,7744
4529,2015,Apr,40177
45291,2015,Apr,34707
45299,2015,Apr,5470
453,2015,Apr,9446
4532,2015,Apr,2404
45321,2015,Apr,1163
45322,2015,Apr,1241
45330,2015,Apr,1362
454,2015,Apr,39907
4541,2015,Apr,33618
45431,2015,Apr,2279
722,2015,Apr,52285
7224,2015,Apr,1845
7225,2015,Apr,45455
722511,2015,Apr,22641
441,2014,Apr,87959
"4411,4412",2014,Apr,80609
4411,2014,Apr,74532
44111,2014,Apr,66931
44112,2014,Apr,7601
4413,2014,Apr,7350
"442,443",2014,Apr,15139
442,2014,Apr,7791
4421,2014,Apr,4154
4422,2014,Apr,3637
44221,2014,Apr,1504
442299,2014,Apr,1997
443,2014,Apr,7348
443141,2014,Apr,1285
443142,2014,Apr,6063
444,2014,Apr,30530
4441,2014,Apr,24652
44412,2014,Apr,901
44413,2014,Apr,1933
445,2014,Apr,54180
4451,2014,Apr,48727
44511,2014,Apr,46594
4453,2014,Apr,3702
446,2014,Apr,24430
44611,2014,Apr,20621
447,2014,Apr,46741
448,2014,Apr,20322
4481,2014,Apr,15012
44811,2014,Apr,785
44812,2014,Apr,3603
44814,2014,Apr,7929
44819,2014,Apr,1196
4482,2014,Apr,2810
44831,2014,Apr,2309
451,2014,Apr,6210
45111,2014,Apr,3488
45112,2014,Apr,1202
451211,2014,Apr,681
452,2014,Apr,52793
4521,2014,Apr,13061
452111,2014,Apr,4662
452112,2014,Apr,8399
4529,2014,Apr,39732
45291,2014,Apr,34416
45299,2014,Apr,5316
453,2014,Apr,9027
4532,2014,Apr,2423
45321,2014,Apr,1263
45322,2014,Apr,1160
45330,2014,Apr,1345
454,2014,Apr,36357
4541,2014,Apr,29596
45431,2014,Apr,2971
722,2014,Apr,47708
7224,2014,Apr,1757
7225,2014,Apr,41431
722511,2014,Apr,20786
441,2018,May,108914
"4411,4412",2018,May,100776
4411,2018,May,92867
44111,2018,May,82916
44112,2018,May,9951
4413,2018,May,8138
"442,443",2018,May,17852
442,2018,May,9910
4421,2018,May,5427
4422,2018,May,4483
442299,2018,May,2430
443,2018,May,7942
443141,2018,May,1510
443142,2018,May,6432
444,2018,May,39115
4441,2018,May,33653
44412,2018,May,1169
44413,2018,May,2668
445,2018,May,64958
4451,2018,May,58116
44511,2018,May,55635
4453,2018,May,4955
446,2018,May,29460
44611,2018,May,24642
447,2018,May,46292
448,2018,May,23764
4481,2018,May,17321
44811,2018,May,862
44812,2018,May,3798
44814,2018,May,9449
44819,2018,May,1486
4482,2018,May,3061
44831,2018,May,3097
451,2018,May,6625
45111,2018,May,3661
45112,2018,May,1295
451211,2018,May,768
452,2018,May,60018
4521,2018,May,12055
452111,2018,May,4098
452112,2018,May,7957
4529,2018,May,47963
45291,2018,May,40736
45299,2018,May,7227
453,2018,May,12297
4532,2018,May,2445
45321,2018,May,919
45322,2018,May,1526
45330,2018,May,1595
454,2018,May,56082
4541,2018,May,49215
45431,2018,May,2019
722,2018,May,64705
7225,2018,May,56201
722511,2018,May,28174
441,2017,May,104634
"4411,4412",2017,May,96717
4411,2017,May,88451
44111,2017,May,78868
44112,2017,May,9583
4413,2017,May,7917
"442,443",2017,May,17145
442,2017,May,9470
4421,2017,May,5000
4422,2017,May,4470
442299,2017,May,2427
443,2017,May,7675
443141,2017,May,1421
443142,2017,May,6254
444,2017,May,37341
4441,2017,May,31062
44412,2017,May,1117
44413,2017,May,2351
445,2017,May,61774
4451,2017,May,55209
44511,2017,May,52659
4453,2017,May,4667
446,2017,May,28233
44611,2017,May,23785
447,2017,May,39128
448,2017,May,21606
4481,2017,May,15747
44811,2017,May,776
44812,2017,May,3519
44814,2017,May,8592
44819,2017,May,1443
4482,2017,May,2852
44831,2017,May,2748
451,2017,May,6593
45111,2017,May,3750
45112,2017,May,1244
451211,2017,May,761
452,2017,May,55898
4521,2017,May,11652
452111,2017,May,4121
452112,2017,May,7531
4529,2017,May,44246
45291,2017,May,37767
45299,2017,May,6479
453,2017,May,11388
4532,2017,May,2381
45321,2017,May,980
45322,2017,May,1401
45330,2017,May,1532
454,2017,May,51313
4541,2017,May,45092
45431,2017,May,1610
722,2017,May,60211
7224,2017,May,2345
7225,2017,May,52393
722511,2017,May,25395
441,2016,May,98252
"4411,4412",2016,May,90626
4411,2016,May,83292
44111,2016,May,74790
44112,2016,May,8502
4413,2016,May,7626
"442,443",2016,May,16583
442,2016,May,9002
4421,2016,May,4893
4422,2016,May,4109
44221,2016,May,1683
442299,2016,May,2276
443,2016,May,7581
443141,2016,May,1440
443142,2016,May,6141
444,2016,May,34702
4441,2016,May,28865
44412,2016,May,1023
44413,2016,May,2200
445,2016,May,59047
4451,2016,May,52776
44511,2016,May,50436
4453,2016,May,4390
446,2016,May,27432
44611,2016,May,23082
447,2016,May,37363
448,2016,May,21656
4481,2016,May,15723
44811,2016,May,774
44812,2016,May,3640
44814,2016,May,8489
44819,2016,May,1324
4482,2016,May,2896
44831,2016,May,2780
451,2016,May,6712
45111,2016,May,3873
45112,2016,May,1238
451211,2016,May,745
452,2016,May,56080
4521,2016,May,12119
452111,2016,May,4369
452112,2016,May,7750
4529,2016,May,43961
45291,2016,May,37794
45299,2016,May,6167
453,2016,May,10986
4532,2016,May,2464
45321,2016,May,1041
45322,2016,May,1423
45330,2016,May,1420
454,2016,May,44592
4541,2016,May,38657
45431,2016,May,1494
722,2016,May,57025
7224,2016,May,2110
7225,2016,May,49659
722511,2016,May,24585
441,2015,May,97424
"4411,4412",2015,May,89874
4411,2015,May,82885
44111,2015,May,74341
44112,2015,May,8544
4413,2015,May,7550
"442,443",2015,May,16744
442,2015,May,8893
4421,2015,May,4889
4422,2015,May,4004
44221,2015,May,1615
442299,2015,May,2246
443,2015,May,7851
443141,2015,May,1498
443142,2015,May,6353
444,2015,May,33203
4441,2015,May,27102
44412,2015,May,953
44413,2015,May,2193
445,2015,May,59074
4451,2015,May,52888
44511,2015,May,50567
4453,2015,May,4335
446,2015,May,25572
44611,2015,May,21461
447,2015,May,41253
448,2015,May,22145
4481,2015,May,16179
44811,2015,May,799
44812,2015,May,3746
44814,2015,May,8640
44819,2015,May,1344
4482,2015,May,2882
44831,2015,May,2851
451,2015,May,6642
45111,2015,May,3829
45112,2015,May,1230
451211,2015,May,752
452,2015,May,57545
4521,2015,May,13661
452111,2015,May,5018
452112,2015,May,8643
4529,2015,May,43884
45291,2015,May,37942
45299,2015,May,5942
453,2015,May,10939
4532,2015,May,2494
45321,2015,May,1103
45322,2015,May,1391
45330,2015,May,1418
454,2015,May,38835
4541,2015,May,33305
45431,2015,May,1660
722,2015,May,55409
7224,2015,May,1995
7225,2015,May,48477
722511,2015,May,24432
441,2014,May,93239
"4411,4412",2014,May,85837
4411,2014,May,79046
44111,2014,May,71351
44112,2014,May,7695
4413,2014,May,7402
"442,443",2014,May,16208
442,2014,May,8384
4421,2014,May,4602
4422,2014,May,3782
44221,2014,May,1519
442299,2014,May,2136
443,2014,May,7824
443141,2014,May,1435
443142,2014,May,6389
444,2014,May,33864
4441,2014,May,27382
44412,2014,May,968
44413,2014,May,2146
445,2014,May,57764
4451,2014,May,51776
44511,2014,May,49457
4453,2014,May,4165
446,2014,May,25168
44611,2014,May,21069
447,2014,May,49976
448,2014,May,21568
4481,2014,May,15652
44811,2014,May,801
44812,2014,May,3774
44814,2014,May,8287
44819,2014,May,1257
4482,2014,May,2794
44831,2014,May,2878
451,2014,May,6464
45111,2014,May,3647
45112,2014,May,1175
451211,2014,May,792
452,2014,May,56912
4521,2014,May,13977
452111,2014,May,5037
452112,2014,May,8940
4529,2014,May,42935
45291,2014,May,37221
45299,2014,May,5714
453,2014,May,10592
4532,2014,May,2533
45321,2014,May,1205
45322,2014,May,1328
45330,2014,May,1373
454,2014,May,36422
4541,2014,May,30087
45431,2014,May,2215
722,2014,May,51054
7224,2014,May,1923
7225,2014,May,44362
722511,2014,May,22397
441,2018,Jun,104752
"4411,4412",2018,Jun,96794
4411,2018,Jun,88864
44111,2018,Jun,79222
44112,2018,Jun,9642
4413,2018,Jun,7958
"442,443",2018,Jun,17765
442,2018,Jun,9713
4421,2018,Jun,5454
4422,2018,Jun,4259
442299,2018,Jun,2256
443,2018,Jun,8052
443141,2018,Jun,1493
443142,2018,Jun,6559
444,2018,Jun,36045
4441,2018,Jun,31818
44412,2018,Jun,1188
44413,2018,Jun,2445
445,2018,Jun,63240
4451,2018,Jun,56409
44511,2018,Jun,53945
4453,2018,Jun,4995
446,2018,Jun,28016
44611,2018,Jun,23015
447,2018,Jun,45838
448,2018,Jun,21589
4481,2018,Jun,15934
44811,2018,Jun,780
44812,2018,Jun,3330
44814,2018,Jun,8698
44819,2018,Jun,1628
4482,2018,Jun,2833
44831,2018,Jun,2576
451,2018,Jun,6642
45111,2018,Jun,3925
45112,2018,Jun,1126
451211,2018,Jun,707
452,2018,Jun,57871
4521,2018,Jun,11256
452111,2018,Jun,3688
452112,2018,Jun,7568
4529,2018,Jun,46615
45291,2018,Jun,39877
45299,2018,Jun,6738
453,2018,Jun,11286
4532,2018,Jun,2366
45321,2018,Jun,854
45322,2018,Jun,1512
45330,2018,Jun,1501
454,2018,Jun,52749
4541,2018,Jun,46800
45431,2018,Jun,1663
722,2018,Jun,64236
7225,2018,Jun,56379
722511,2018,Jun,28197
441,2017,Jun,101671
"4411,4412",2017,Jun,93744
4411,2017,Jun,85301
44111,2017,Jun,75673
44112,2017,Jun,9628
4413,2017,Jun,7927
"442,443",2017,Jun,17172
442,2017,Jun,9411
4421,2017,Jun,4952
4422,2017,Jun,4459
442299,2017,Jun,2333
443,2017,Jun,7761
443141,2017,Jun,1418
443142,2017,Jun,6343
444,2017,Jun,35043
4441,2017,Jun,30152
44412,2017,Jun,1148
44413,2017,Jun,2304
445,2017,Jun,60255
4451,2017,Jun,53732
44511,2017,Jun,51257
4453,2017,Jun,4699
446,2017,Jun,27674
44611,2017,Jun,23096
447,2017,Jun,38384
448,2017,Jun,20322
4481,2017,Jun,15173
44811,2017,Jun,716
44812,2017,Jun,3246
44814,2017,Jun,8356
44819,2017,Jun,1460
4482,2017,Jun,2701
44831,2017,Jun,2242
451,2017,Jun,6755
45111,2017,Jun,4050
45112,2017,Jun,1172
451211,2017,Jun,683
452,2017,Jun,56026
4521,2017,Jun,11399
452111,2017,Jun,3796
452112,2017,Jun,7603
4529,2017,Jun,44627
45291,2017,Jun,38149
45299,2017,Jun,6478
453,2017,Jun,10725
4532,2017,Jun,2312
45321,2017,Jun,916
45322,2017,Jun,1396
45330,2017,Jun,1463
454,2017,Jun,49678
4541,2017,Jun,43829
45431,2017,Jun,1378
722,2017,Jun,58751
7224,2017,Jun,2257
7225,2017,Jun,51572
722511,2017,Jun,24745
441,2016,Jun,97880
"4411,4412",2016,Jun,89894
4411,2016,Jun,82335
44111,2016,Jun,73432
44112,2016,Jun,8903
4413,2016,Jun,7986
"442,443",2016,Jun,16873
442,2016,Jun,9113
4421,2016,Jun,4921
4422,2016,Jun,4192
44221,2016,Jun,1812
442299,2016,Jun,2221
443,2016,Jun,7760
443141,2016,Jun,1520
443142,2016,Jun,6240
444,2016,Jun,34219
4441,2016,Jun,29104
44412,2016,Jun,1137
44413,2016,Jun,2145
445,2016,Jun,58312
4451,2016,Jun,52029
44511,2016,Jun,49646
4453,2016,Jun,4461
446,2016,Jun,27264
44611,2016,Jun,22689
447,2016,Jun,38521
448,2016,Jun,20160
4481,2016,Jun,15026
44811,2016,Jun,721
44812,2016,Jun,3269
44814,2016,Jun,8209
44819,2016,Jun,1405
4482,2016,Jun,2728
44831,2016,Jun,2200
451,2016,Jun,7218
45111,2016,Jun,4554
45112,2016,Jun,1183
451211,2016,Jun,680
452,2016,Jun,55083
4521,2016,Jun,12161
452111,2016,Jun,4222
452112,2016,Jun,7939
4529,2016,Jun,42922
45291,2016,Jun,36844
45299,2016,Jun,6078
453,2016,Jun,10522
4532,2016,Jun,2333
45321,2016,Jun,961
45322,2016,Jun,1372
45330,2016,Jun,1375
454,2016,Jun,44345
4541,2016,Jun,38559
45431,2016,Jun,1299
722,2016,Jun,54626
7224,2016,Jun,1976
7225,2016,Jun,47848
722511,2016,Jun,23234
441,2015,Jun,94600
"4411,4412",2015,Jun,86660
4411,2015,Jun,79754
44111,2015,Jun,71417
44112,2015,Jun,8337
4413,2015,Jun,7940
"442,443",2015,Jun,16743
442,2015,Jun,8576
4421,2015,Jun,4655
4422,2015,Jun,3921
44221,2015,Jun,1628
442299,2015,Jun,2155
443,2015,Jun,8167
443141,2015,Jun,1508
443142,2015,Jun,6659
444,2015,Jun,31600
4441,2015,Jun,26844
44412,2015,Jun,1055
44413,2015,Jun,2066
445,2015,Jun,56625
4451,2015,Jun,50610
44511,2015,Jun,48317
4453,2015,Jun,4217
446,2015,Jun,25802
44611,2015,Jun,21489
447,2015,Jun,41820
448,2015,Jun,19667
4481,2015,Jun,14595
44811,2015,Jun,716
44812,2015,Jun,3231
44814,2015,Jun,7848
44819,2015,Jun,1387
4482,2015,Jun,2538
44831,2015,Jun,2347
451,2015,Jun,6739
45111,2015,Jun,4098
45112,2015,Jun,1151
451211,2015,Jun,685
452,2015,Jun,54247
4521,2015,Jun,12534
452111,2015,Jun,4304
452112,2015,Jun,8230
4529,2015,Jun,41713
45291,2015,Jun,36061
45299,2015,Jun,5652
453,2015,Jun,10457
4532,2015,Jun,2380
45321,2015,Jun,1056
45322,2015,Jun,1324
45330,2015,Jun,1381
454,2015,Jun,39452
4541,2015,Jun,33856
45431,2015,Jun,1527
722,2015,Jun,52042
7224,2015,Jun,1846
7225,2015,Jun,45867
722511,2015,Jun,22607
441,2014,Jun,86715
"4411,4412",2014,Jun,79495
4411,2014,Jun,73171
44111,2014,Jun,65629
44112,2014,Jun,7542
4413,2014,Jun,7220
"442,443",2014,Jun,15631
442,2014,Jun,7881
4421,2014,Jun,4181
4422,2014,Jun,3700
44221,2014,Jun,1560
442299,2014,Jun,2012
443,2014,Jun,7750
443141,2014,Jun,1434
443142,2014,Jun,6316
444,2014,Jun,30500
4441,2014,Jun,25694
44412,2014,Jun,979
44413,2014,Jun,1987
445,2014,Jun,55247
4451,2014,Jun,49458
44511,2014,Jun,47170
4453,2014,Jun,4036
446,2014,Jun,24424
44611,2014,Jun,20421
447,2014,Jun,48014
448,2014,Jun,18947
4481,2014,Jun,14047
44811,2014,Jun,702
44812,2014,Jun,3183
44814,2014,Jun,7496
44819,2014,Jun,1262
4482,2014,Jun,2493
44831,2014,Jun,2210
451,2014,Jun,6487
45111,2014,Jun,3897
45112,2014,Jun,1086
451211,2014,Jun,700
452,2014,Jun,53888
4521,2014,Jun,12963
452111,2014,Jun,4518
452112,2014,Jun,8445
4529,2014,Jun,40925
45291,2014,Jun,35519
45299,2014,Jun,5406
453,2014,Jun,9750
4532,2014,Jun,2390
45321,2014,Jun,1093
45322,2014,Jun,1297
45330,2014,Jun,1325
454,2014,Jun,35784
4541,2014,Jun,30004
45431,2014,Jun,1894
722,2014,Jun,47895
7224,2014,Jun,1782
7225,2014,Jun,42064
722511,2014,Jun,20740
441,2018,Jul,103894
"4411,4412",2018,Jul,95910
4411,2018,Jul,88974
44111,2018,Jul,79328
44112,2018,Jul,9646
4413,2018,Jul,7984
"442,443",2018,Jul,17614
442,2018,Jul,9700
4421,2018,Jul,5350
4422,2018,Jul,4350
442299,2018,Jul,2380
443,2018,Jul,7914
443141,2018,Jul,1480
443142,2018,Jul,6434
444,2018,Jul,34099
4441,2018,Jul,30807
44412,2018,Jul,1161
44413,2018,Jul,2299
445,2018,Jul,63862
4451,2018,Jul,57011
44511,2018,Jul,54568
4453,2018,Jul,5016
446,2018,Jul,27934
44611,2018,Jul,23317
447,2018,Jul,46327
448,2018,Jul,21919
4481,2018,Jul,16178
44811,2018,Jul,667
44812,2018,Jul,3165
44814,2018,Jul,9109
44819,2018,Jul,1677
4482,2018,Jul,3125
44831,2018,Jul,2377
451,2018,Jul,6219
45111,2018,Jul,3711
45112,2018,Jul,931
451211,2018,Jul,680
452,2018,Jul,57145
4521,2018,Jul,11050
452111,2018,Jul,3517
452112,2018,Jul,7533
4529,2018,Jul,46095
45291,2018,Jul,39461
45299,2018,Jul,6634
453,2018,Jul,10638
4532,2018,Jul,2580
45321,2018,Jul,984
45322,2018,Jul,1596
45330,2018,Jul,1407
454,2018,Jul,54326
4541,2018,Jul,48415
45431,2018,Jul,1733
722,2018,Jul,64033
7225,2018,Jul,56499
722511,2018,Jul,27925
441,2017,Jul,101248
"4411,4412",2017,Jul,93564
4411,2017,Jul,86322
44111,2017,Jul,76946
44112,2017,Jul,9376
4413,2017,Jul,7684
"442,443",2017,Jul,16877
442,2017,Jul,9276
4421,2017,Jul,4979
4422,2017,Jul,4297
442299,2017,Jul,2341
443,2017,Jul,7601
443141,2017,Jul,1369
443142,2017,Jul,6232
444,2017,Jul,31480
4441,2017,Jul,27717
44412,2017,Jul,1074
44413,2017,Jul,2116
445,2017,Jul,61357
4451,2017,Jul,54726
44511,2017,Jul,52202
4453,2017,Jul,4824
446,2017,Jul,26749
44611,2017,Jul,22323
447,2017,Jul,38154
448,2017,Jul,20535
4481,2017,Jul,15185
44811,2017,Jul,616
44812,2017,Jul,3107
44814,2017,Jul,8675
44819,2017,Jul,1358
4482,2017,Jul,2907
44831,2017,Jul,2211
451,2017,Jul,6539
45111,2017,Jul,3855
45112,2017,Jul,1184
451211,2017,Jul,647
452,2017,Jul,55684
4521,2017,Jul,11149
452111,2017,Jul,3645
452112,2017,Jul,7504
4529,2017,Jul,44535
45291,2017,Jul,38261
45299,2017,Jul,6274
453,2017,Jul,10473
4532,2017,Jul,2391
45321,2017,Jul,947
45322,2017,Jul,1444
45330,2017,Jul,1524
454,2017,Jul,48275
4541,2017,Jul,42956
45431,2017,Jul,1249
722,2017,Jul,58613
7224,2017,Jul,2322
7225,2017,Jul,51762
722511,2017,Jul,24664
441,2016,Jul,99151
"4411,4412",2016,Jul,91573
4411,2016,Jul,84840
44111,2016,Jul,76097
44112,2016,Jul,8743
4413,2016,Jul,7578
"442,443",2016,Jul,17004
442,2016,Jul,9177
4421,2016,Jul,4916
4422,2016,Jul,4261
44221,2016,Jul,1738
442299,2016,Jul,2358
443,2016,Jul,7827
443141,2016,Jul,1474
443142,2016,Jul,6353
444,2016,Jul,30122
4441,2016,Jul,26772
44412,2016,Jul,1045
44413,2016,Jul,2005
445,2016,Jul,59621
4451,2016,Jul,53046
44511,2016,Jul,50499
4453,2016,Jul,4737
446,2016,Jul,26391
44611,2016,Jul,22153
447,2016,Jul,38169
448,2016,Jul,20667
4481,2016,Jul,15332
44811,2016,Jul,630
44812,2016,Jul,3166
44814,2016,Jul,8694
44819,2016,Jul,1325
4482,2016,Jul,3017
44831,2016,Jul,2097
451,2016,Jul,6918
45111,2016,Jul,4241
45112,2016,Jul,1234
451211,2016,Jul,655
452,2016,Jul,55350
4521,2016,Jul,11711
452111,2016,Jul,3981
452112,2016,Jul,7730
4529,2016,Jul,43639
45291,2016,Jul,37698
45299,2016,Jul,5941
453,2016,Jul,10155
4532,2016,Jul,2453
45321,2016,Jul,1003
45322,2016,Jul,1450
45330,2016,Jul,1471
454,2016,Jul,42591
4541,2016,Jul,37413
45431,2016,Jul,1182
722,2016,Jul,56023
7224,2016,Jul,2144
7225,2016,Jul,49338
722511,2016,Jul,23933
441,2015,Jul,97756
"4411,4412",2015,Jul,89694
4411,2015,Jul,83376
44111,2015,Jul,74999
44112,2015,Jul,8377
4413,2015,Jul,8062
"442,443",2015,Jul,17241
442,2015,Jul,9110
4421,2015,Jul,4834
4422,2015,Jul,4276
44221,2015,Jul,1742
442299,2015,Jul,2401
443,2015,Jul,8131
443141,2015,Jul,1521
443142,2015,Jul,6610
444,2015,Jul,30562
4441,2015,Jul,26902
44412,2015,Jul,1055
44413,2015,Jul,2001
445,2015,Jul,59103
4451,2015,Jul,52738
44511,2015,Jul,50332
4453,2015,Jul,4532
446,2015,Jul,25968
44611,2015,Jul,21774
447,2015,Jul,42875
448,2015,Jul,20564
4481,2015,Jul,15249
44811,2015,Jul,661
44812,2015,Jul,3181
44814,2015,Jul,8497
44819,2015,Jul,1339
4482,2015,Jul,2878
44831,2015,Jul,2226
451,2015,Jul,6809
45111,2015,Jul,4102
45112,2015,Jul,1187
451211,2015,Jul,695
452,2015,Jul,54956
4521,2015,Jul,12528
452111,2015,Jul,4165
452112,2015,Jul,8363
4529,2015,Jul,42428
45291,2015,Jul,36776
45299,2015,Jul,5652
453,2015,Jul,10443
4532,2015,Jul,2587
45321,2015,Jul,1160
45322,2015,Jul,1427
45330,2015,Jul,1511
454,2015,Jul,40116
4541,2015,Jul,34624
45431,2015,Jul,1509
722,2015,Jul,53140
7224,2015,Jul,1942
7225,2015,Jul,46849
722511,2015,Jul,22959
441,2014,Jul,91275
"4411,4412",2014,Jul,83807
4411,2014,Jul,77651
44111,2014,Jul,69994
44112,2014,Jul,7657
4413,2014,Jul,7468
"442,443",2014,Jul,16459
442,2014,Jul,8403
4421,2014,Jul,4433
4422,2014,Jul,3970
44221,2014,Jul,1570
442299,2014,Jul,2266
443,2014,Jul,8056
443141,2014,Jul,1465
443142,2014,Jul,6591
444,2014,Jul,29070
4441,2014,Jul,25651
44412,2014,Jul,1049
44413,2014,Jul,1963
445,2014,Jul,57377
4451,2014,Jul,51374
44511,2014,Jul,48962
4453,2014,Jul,4242
446,2014,Jul,24815
44611,2014,Jul,20910
447,2014,Jul,49143
448,2014,Jul,19828
4481,2014,Jul,14699
44811,2014,Jul,655
44812,2014,Jul,3178
44814,2014,Jul,8143
44819,2014,Jul,1175
4482,2014,Jul,2762
44831,2014,Jul,2175
451,2014,Jul,6523
45111,2014,Jul,3806
45112,2014,Jul,1184
451211,2014,Jul,704
452,2014,Jul,53667
4521,2014,Jul,12675
452111,2014,Jul,4235
452112,2014,Jul,8440
4529,2014,Jul,40992
45291,2014,Jul,35580
45299,2014,Jul,5412
453,2014,Jul,9914
4532,2014,Jul,2685
45321,2014,Jul,1255
45322,2014,Jul,1430
45330,2014,Jul,1430
454,2014,Jul,36520
4541,2014,Jul,30707
45431,2014,Jul,1922
722,2014,Jul,48690
7224,2014,Jul,1772
7225,2014,Jul,42919
722511,2014,Jul,21091
441,2018,Aug,108537
"4411,4412",2018,Aug,100234
4411,2018,Aug,93324
44111,2018,Aug,83392
44112,2018,Aug,9932
4413,2018,Aug,8303
"442,443",2018,Aug,18609
442,2018,Aug,10170
4421,2018,Aug,5606
4422,2018,Aug,4564
442299,2018,Aug,2546
443,2018,Aug,8439
443141,2018,Aug,1534
443142,2018,Aug,6905
444,2018,Aug,33022
4441,2018,Aug,29799
44412,2018,Aug,1206
44413,2018,Aug,2311
445,2018,Aug,64109
4451,2018,Aug,57318
44511,2018,Aug,54872
4453,2018,Aug,4951
446,2018,Aug,29418
44611,2018,Aug,24461
447,2018,Aug,47187
448,2018,Aug,23381
4481,2018,Aug,16882
44811,2018,Aug,724
44812,2018,Aug,3351
44814,2018,Aug,9474
44819,2018,Aug,1674
4482,2018,Aug,3798
44831,2018,Aug,2467
451,2018,Aug,7256
45111,2018,Aug,3905
45112,2018,Aug,975
451211,2018,Aug,1368
452,2018,Aug,59769
4521,2018,Aug,12081
452111,2018,Aug,3610
452112,2018,Aug,8471
4529,2018,Aug,47688
45291,2018,Aug,40889
45299,2018,Aug,6799
453,2018,Aug,11332
4532,2018,Aug,2979
45321,2018,Aug,1434
45322,2018,Aug,1545
45330,2018,Aug,1560
454,2018,Aug,56161
4541,2018,Aug,49969
45431,2018,Aug,1874
722,2018,Aug,65152
7225,2018,Aug,56753
722511,2018,Aug,28059
441,2017,Aug,103770
"4411,4412",2017,Aug,95734
4411,2017,Aug,88972
44111,2017,Aug,79496
44112,2017,Aug,9476
4413,2017,Aug,8036
"442,443",2017,Aug,17939
442,2017,Aug,9897
4421,2017,Aug,5110
4422,2017,Aug,4787
442299,2017,Aug,2586
443,2017,Aug,8042
443141,2017,Aug,1363
443142,2017,Aug,6679
444,2017,Aug,31759
4441,2017,Aug,28324
44412,2017,Aug,1153
44413,2017,Aug,2171
445,2017,Aug,61192
4451,2017,Aug,54693
44511,2017,Aug,52212
4453,2017,Aug,4673
446,2017,Aug,28417
44611,2017,Aug,23557
447,2017,Aug,39554
448,2017,Aug,22536
4481,2017,Aug,16214
44811,2017,Aug,646
44812,2017,Aug,3198
44814,2017,Aug,9086
44819,2017,Aug,1550
4482,2017,Aug,3832
44831,2017,Aug,2273
451,2017,Aug,7674
45111,2017,Aug,4156
45112,2017,Aug,1229
451211,2017,Aug,1372
452,2017,Aug,57167
4521,2017,Aug,11969
452111,2017,Aug,3745
452112,2017,Aug,8224
4529,2017,Aug,45198
45291,2017,Aug,38822
45299,2017,Aug,6376
453,2017,Aug,10990
4532,2017,Aug,2820
45321,2017,Aug,1423
45322,2017,Aug,1397
45330,2017,Aug,1606
454,2017,Aug,51406
4541,2017,Aug,45505
45431,2017,Aug,1452
722,2017,Aug,58686
7224,2017,Aug,2266
7225,2017,Aug,51522
722511,2017,Aug,24484
441,2016,Aug,103502
"4411,4412",2016,Aug,95472
4411,2016,Aug,89078
44111,2016,Aug,79798
44112,2016,Aug,9280
4413,2016,Aug,8030
"442,443",2016,Aug,17880
442,2016,Aug,9567
4421,2016,Aug,5017
4422,2016,Aug,4550
44221,2016,Aug,1872
442299,2016,Aug,2526
443,2016,Aug,8313
443141,2016,Aug,1480
443142,2016,Aug,6833
444,2016,Aug,29936
4441,2016,Aug,26820
44412,2016,Aug,1115
44413,2016,Aug,2034
445,2016,Aug,58370
4451,2016,Aug,52117
44511,2016,Aug,49667
4453,2016,Aug,4467
446,2016,Aug,27699
44611,2016,Aug,22989
447,2016,Aug,37150
448,2016,Aug,22388
4481,2016,Aug,16159
44811,2016,Aug,667
44812,2016,Aug,3410
44814,2016,Aug,8822
44819,2016,Aug,1551
4482,2016,Aug,3827
44831,2016,Aug,2191
451,2016,Aug,7804
45111,2016,Aug,4230
45112,2016,Aug,1234
451211,2016,Aug,1502
452,2016,Aug,55913
4521,2016,Aug,12565
452111,2016,Aug,4053
452112,2016,Aug,8512
4529,2016,Aug,43348
45291,2016,Aug,37473
45299,2016,Aug,5875
453,2016,Aug,10534
4532,2016,Aug,2907
45321,2016,Aug,1511
45322,2016,Aug,1396
45330,2016,Aug,1526
454,2016,Aug,45619
4541,2016,Aug,40204
45431,2016,Aug,1295
722,2016,Aug,55201
7224,2016,Aug,2088
7225,2016,Aug,48425
722511,2016,Aug,23325
441,2015,Aug,97898
"4411,4412",2015,Aug,90183
4411,2015,Aug,84447
44111,2015,Aug,76094
44112,2015,Aug,8353
4413,2015,Aug,7715
"442,443",2015,Aug,17489
442,2015,Aug,9148
4421,2015,Aug,4977
4422,2015,Aug,4171
44221,2015,Aug,1697
442299,2015,Aug,2342
443,2015,Aug,8341
443141,2015,Aug,1415
443142,2015,Aug,6926
444,2015,Aug,27779
4441,2015,Aug,24661
44412,2015,Aug,1004
44413,2015,Aug,1961
445,2015,Aug,57785
4451,2015,Aug,51738
44511,2015,Aug,49458
4453,2015,Aug,4260
446,2015,Aug,25885
44611,2015,Aug,21533
447,2015,Aug,40935
448,2015,Aug,22314
4481,2015,Aug,16205
44811,2015,Aug,713
44812,2015,Aug,3383
44814,2015,Aug,8807
44819,2015,Aug,1500
4482,2015,Aug,3658
44831,2015,Aug,2255
451,2015,Aug,7937
45111,2015,Aug,4331
45112,2015,Aug,1193
451211,2015,Aug,1550
452,2015,Aug,56822
4521,2015,Aug,13628
452111,2015,Aug,4469
452112,2015,Aug,9159
4529,2015,Aug,43194
45291,2015,Aug,37618
45299,2015,Aug,5576
453,2015,Aug,10485
4532,2015,Aug,2962
45321,2015,Aug,1586
45322,2015,Aug,1376
45330,2015,Aug,1561
454,2015,Aug,39400
4541,2015,Aug,34245
45431,2015,Aug,1440
722,2015,Aug,53176
7224,2015,Aug,1943
7225,2015,Aug,46697
722511,2015,Aug,23050
441,2014,Aug,92624
"4411,4412",2014,Aug,85242
4411,2014,Aug,79978
44111,2014,Aug,72042
44112,2014,Aug,7936
4413,2014,Aug,7382
"442,443",2014,Aug,17097
442,2014,Aug,8734
4421,2014,Aug,4698
4422,2014,Aug,4036
44221,2014,Aug,1623
442299,2014,Aug,2277
443,2014,Aug,8363
443141,2014,Aug,1452
443142,2014,Aug,6911
444,2014,Aug,26861
4441,2014,Aug,23928
44412,2014,Aug,988
44413,2014,Aug,1903
445,2014,Aug,57269
4451,2014,Aug,51298
44511,2014,Aug,48868
4453,2014,Aug,4219
446,2014,Aug,24850
44611,2014,Aug,20631
447,2014,Aug,48672
448,2014,Aug,21993
4481,2014,Aug,15924
44811,2014,Aug,692
44812,2014,Aug,3455
44814,2014,Aug,8566
44819,2014,Aug,1337
4482,2014,Aug,3589
44831,2014,Aug,2283
451,2014,Aug,8121
45111,2014,Aug,4345
45112,2014,Aug,1187
451211,2014,Aug,1700
452,2014,Aug,57077
4521,2014,Aug,14116
452111,2014,Aug,4726
452112,2014,Aug,9390
4529,2014,Aug,42961
45291,2014,Aug,37582
45299,2014,Aug,5379
453,2014,Aug,10179
4532,2014,Aug,3148
45321,2014,Aug,1699
45322,2014,Aug,1449
45330,2014,Aug,1456
454,2014,Aug,36537
4541,2014,Aug,30763
45431,2014,Aug,1942
722,2014,Aug,50086
7224,2014,Aug,1853
7225,2014,Aug,43987
722511,2014,Aug,21907
441,2018,Sep,96316
"4411,4412",2018,Sep,88738
4411,2018,Sep,83124
44111,2018,Sep,74305
44112,2018,Sep,8819
4413,2018,Sep,7578
"442,443",2018,Sep,17355
442,2018,Sep,9546
4421,2018,Sep,5430
4422,2018,Sep,4116
442299,2018,Sep,2286
443,2018,Sep,7809
443141,2018,Sep,1353
443142,2018,Sep,6456
444,2018,Sep,30142
4441,2018,Sep,27060
44412,2018,Sep,1046
44413,2018,Sep,2118
445,2018,Sep,61664
4451,2018,Sep,55237
44511,2018,Sep,52960
4453,2018,Sep,4646
446,2018,Sep,27392
44611,2018,Sep,22639
447,2018,Sep,43933
448,2018,Sep,20260
4481,2018,Sep,15055
44811,2018,Sep,789
44812,2018,Sep,3176
44814,2018,Sep,8241
44819,2018,Sep,1359
4482,2018,Sep,2783
44831,2018,Sep,2203
451,2018,Sep,5990
45111,2018,Sep,3003
45112,2018,Sep,1045
451211,2018,Sep,976
452,2018,Sep,54765
4521,2018,Sep,10487
452111,2018,Sep,3459
452112,2018,Sep,7028
4529,2018,Sep,44278
45291,2018,Sep,37698
45299,2018,Sep,6580
453,2018,Sep,10319
4532,2018,Sep,2516
45321,2018,Sep,1002
45322,2018,Sep,1514
45330,2018,Sep,1428
454,2018,Sep,52466
4541,2018,Sep,46560
45431,2018,Sep,1882
722,2018,Sep,60492
7225,2018,Sep,51602
722511,2018,Sep,25400
441,2017,Sep,98997
"4411,4412",2017,Sep,91400
4411,2017,Sep,85591
44111,2017,Sep,76476
44112,2017,Sep,9115
4413,2017,Sep,7597
"442,443",2017,Sep,17383
442,2017,Sep,9530
4421,2017,Sep,5084
4422,2017,Sep,4446
442299,2017,Sep,2317
443,2017,Sep,7853
443141,2017,Sep,1364
443142,2017,Sep,6489
444,2017,Sep,30354
4441,2017,Sep,27271
44412,2017,Sep,1041
44413,2017,Sep,2089
445,2017,Sep,60117
4451,2017,Sep,53816
44511,2017,Sep,51344
4453,2017,Sep,4565
446,2017,Sep,27293
44611,2017,Sep,22628
447,2017,Sep,39671
448,2017,Sep,19720
4481,2017,Sep,14589
44811,2017,Sep,686
44812,2017,Sep,3032
44814,2017,Sep,8044
44819,2017,Sep,1348
4482,2017,Sep,2688
44831,2017,Sep,2229
451,2017,Sep,6760
45111,2017,Sep,3506
45112,2017,Sep,1329
451211,2017,Sep,986
452,2017,Sep,53874
4521,2017,Sep,10749
452111,2017,Sep,3696
452112,2017,Sep,7053
4529,2017,Sep,43125
45291,2017,Sep,36922
45299,2017,Sep,6203
453,2017,Sep,10425
4532,2017,Sep,2441
45321,2017,Sep,1107
45322,2017,Sep,1334
45330,2017,Sep,1570
454,2017,Sep,48499
4541,2017,Sep,42646
45431,2017,Sep,1584
722,2017,Sep,57313
7224,2017,Sep,2326
7225,2017,Sep,48979
722511,2017,Sep,23442
441,2016,Sep,94921
"4411,4412",2016,Sep,87404
4411,2016,Sep,81760
44111,2016,Sep,73357
44112,2016,Sep,8403
4413,2016,Sep,7517
"442,443",2016,Sep,17383
442,2016,Sep,9529
4421,2016,Sep,5166
4422,2016,Sep,4363
44221,2016,Sep,1804
442299,2016,Sep,2378
443,2016,Sep,7854
443141,2016,Sep,1489
443142,2016,Sep,6365
444,2016,Sep,28844
4441,2016,Sep,25783
44412,2016,Sep,1046
44413,2016,Sep,1883
445,2016,Sep,57174
4451,2016,Sep,51029
44511,2016,Sep,48725
4453,2016,Sep,4423
446,2016,Sep,26911
44611,2016,Sep,22216
447,2016,Sep,36294
448,2016,Sep,19790
4481,2016,Sep,14793
44811,2016,Sep,682
44812,2016,Sep,3184
44814,2016,Sep,8068
44819,2016,Sep,1381
4482,2016,Sep,2739
44831,2016,Sep,2051
451,2016,Sep,6755
45111,2016,Sep,3527
45112,2016,Sep,1310
451211,2016,Sep,1039
452,2016,Sep,51554
4521,2016,Sep,11277
452111,2016,Sep,4036
452112,2016,Sep,7241
4529,2016,Sep,40277
45291,2016,Sep,34491
45299,2016,Sep,5786
453,2016,Sep,10307
4532,2016,Sep,2560
45321,2016,Sep,1223
45322,2016,Sep,1337
45330,2016,Sep,1506
454,2016,Sep,44509
4541,2016,Sep,38924
45431,2016,Sep,1426
722,2016,Sep,54307
7224,2016,Sep,2159
7225,2016,Sep,46156
722511,2016,Sep,22371
441,2015,Sep,90772
"4411,4412",2015,Sep,83304
4411,2015,Sep,78083
44111,2015,Sep,70394
44112,2015,Sep,7689
4413,2015,Sep,7468
"442,443",2015,Sep,17226
442,2015,Sep,8967
4421,2015,Sep,5045
4422,2015,Sep,3922
44221,2015,Sep,1611
442299,2015,Sep,2177
443,2015,Sep,8259
443141,2015,Sep,1448
443142,2015,Sep,6811
444,2015,Sep,27549
4441,2015,Sep,24551
44412,2015,Sep,990
44413,2015,Sep,1807
445,2015,Sep,55633
4451,2015,Sep,49863
44511,2015,Sep,47714
4453,2015,Sep,4073
446,2015,Sep,26271
44611,2015,Sep,22018
447,2015,Sep,36631
448,2015,Sep,19151
4481,2015,Sep,14318
44811,2015,Sep,691
44812,2015,Sep,3164
44814,2015,Sep,7758
44819,2015,Sep,1267
4482,2015,Sep,2602
44831,2015,Sep,2038
451,2015,Sep,6900
45111,2015,Sep,3649
45112,2015,Sep,1278
451211,2015,Sep,1066
452,2015,Sep,51759
4521,2015,Sep,12014
452111,2015,Sep,4306
452112,2015,Sep,7708
4529,2015,Sep,39745
45291,2015,Sep,34294
45299,2015,Sep,5451
453,2015,Sep,9783
4532,2015,Sep,2638
45321,2015,Sep,1314
45322,2015,Sep,1324
45330,2015,Sep,1478
454,2015,Sep,40345
4541,2015,Sep,34829
45431,2015,Sep,1609
722,2015,Sep,50762
7224,2015,Sep,1832
7225,2015,Sep,43500
722511,2015,Sep,21322
441,2014,Sep,83365
"4411,4412",2014,Sep,76277
4411,2014,Sep,71340
44111,2014,Sep,63756
44112,2014,Sep,7584
4413,2014,Sep,7088
"442,443",2014,Sep,16745
442,2014,Sep,8371
4421,2014,Sep,4589
4422,2014,Sep,3782
44221,2014,Sep,1547
442299,2014,Sep,2106
443,2014,Sep,8374
443141,2014,Sep,1436
443142,2014,Sep,6938
444,2014,Sep,26628
4441,2014,Sep,23808
44412,2014,Sep,970
44413,2014,Sep,1861
445,2014,Sep,54264
4451,2014,Sep,48826
44511,2014,Sep,46602
4453,2014,Sep,3814
446,2014,Sep,24816
44611,2014,Sep,20699
447,2014,Sep,45486
448,2014,Sep,18646
4481,2014,Sep,13911
44811,2014,Sep,694
44812,2014,Sep,3247
44814,2014,Sep,7452
44819,2014,Sep,1056
4482,2014,Sep,2454
44831,2014,Sep,2090
451,2014,Sep,6686
45111,2014,Sep,3486
45112,2014,Sep,1252
451211,2014,Sep,1068
452,2014,Sep,50700
4521,2014,Sep,12109
452111,2014,Sep,4299
452112,2014,Sep,7810
4529,2014,Sep,38591
45291,2014,Sep,33449
45299,2014,Sep,5142
453,2014,Sep,9730
4532,2014,Sep,2744
45321,2014,Sep,1392
45322,2014,Sep,1352
45330,2014,Sep,1400
454,2014,Sep,37288
4541,2014,Sep,31281
45431,2014,Sep,2176
722,2014,Sep,47070
7224,2014,Sep,1763
7225,2014,Sep,40333
722511,2014,Sep,19917
441,2018,Oct,99487
"4411,4412",2018,Oct,91224
4411,2018,Oct,85968
44111,2018,Oct,77033
44112,2018,Oct,8935
4413,2018,Oct,8263
"442,443",2018,Oct,17553
442,2018,Oct,9693
4421,2018,Oct,5229
4422,2018,Oct,4464
442299,2018,Oct,2435
443,2018,Oct,7860
443141,2018,Oct,1421
443142,2018,Oct,6439
444,2018,Oct,33344
4441,2018,Oct,29663
44412,2018,Oct,1143
44413,2018,Oct,2321
445,2018,Oct,63038
4451,2018,Oct,56372
44511,2018,Oct,54068
4453,2018,Oct,4786
446,2018,Oct,29981
44611,2018,Oct,25275
447,2018,Oct,46609
448,2018,Oct,21473
4481,2018,Oct,15968
44811,2018,Oct,778
44812,2018,Oct,3412
44814,2018,Oct,8916
44819,2018,Oct,1332
4482,2018,Oct,2878
44831,2018,Oct,2406
451,2018,Oct,5897
45111,2018,Oct,3061
45112,2018,Oct,1133
451211,2018,Oct,722
452,2018,Oct,57558
4521,2018,Oct,11102
452111,2018,Oct,3595
452112,2018,Oct,7507
4529,2018,Oct,46456
45291,2018,Oct,39474
45299,2018,Oct,6982
453,2018,Oct,11614
4532,2018,Oct,3140
45321,2018,Oct,913
45322,2018,Oct,2227
45330,2018,Oct,1619
454,2018,Oct,57717
4541,2018,Oct,50575
45431,2018,Oct,2718
722,2018,Oct,62089
7225,2018,Oct,53005
722511,2018,Oct,25941
441,2017,Oct,96494
"4411,4412",2017,Oct,88775
4411,2017,Oct,83662
44111,2017,Oct,74667
44112,2017,Oct,8995
4413,2017,Oct,7719
"442,443",2017,Oct,17213
442,2017,Oct,9494
4421,2017,Oct,4965
4422,2017,Oct,4529
442299,2017,Oct,2354
443,2017,Oct,7719
443141,2017,Oct,1342
443142,2017,Oct,6377
444,2017,Oct,31081
4441,2017,Oct,27835
44412,2017,Oct,1064
44413,2017,Oct,2192
445,2017,Oct,60649
4451,2017,Oct,54293
44511,2017,Oct,51847
4453,2017,Oct,4565
446,2017,Oct,28509
44611,2017,Oct,24085
447,2017,Oct,40035
448,2017,Oct,20307
4481,2017,Oct,15258
44811,2017,Oct,678
44812,2017,Oct,3208
44814,2017,Oct,8591
44819,2017,Oct,1291
4482,2017,Oct,2583
44831,2017,Oct,2249
451,2017,Oct,6384
45111,2017,Oct,3332
45112,2017,Oct,1419
451211,2017,Oct,669
452,2017,Oct,55815
4521,2017,Oct,11039
452111,2017,Oct,3733
452112,2017,Oct,7306
4529,2017,Oct,44776
45291,2017,Oct,38311
45299,2017,Oct,6465
453,2017,Oct,10883
4532,2017,Oct,2811
45321,2017,Oct,972
45322,2017,Oct,1839
45330,2017,Oct,1719
454,2017,Oct,51147
4541,2017,Oct,44787
45431,2017,Oct,2026
722,2017,Oct,58408
7224,2017,Oct,2372
7225,2017,Oct,49946
722511,2017,Oct,23896
441,2016,Oct,92173
"4411,4412",2016,Oct,84561
4411,2016,Oct,79668
44111,2016,Oct,70907
44112,2016,Oct,8761
4413,2016,Oct,7612
"442,443",2016,Oct,16538
442,2016,Oct,9048
4421,2016,Oct,4781
4422,2016,Oct,4267
44221,2016,Oct,1742
442299,2016,Oct,2354
443,2016,Oct,7490
443141,2016,Oct,1368
443142,2016,Oct,6122
444,2016,Oct,28561
4441,2016,Oct,25435
44412,2016,Oct,989
44413,2016,Oct,1986
445,2016,Oct,58430
4451,2016,Oct,52247
44511,2016,Oct,49971
4453,2016,Oct,4428
446,2016,Oct,26372
44611,2016,Oct,22109
447,2016,Oct,37243
448,2016,Oct,20500
4481,2016,Oct,15454
44811,2016,Oct,690
44812,2016,Oct,3281
44814,2016,Oct,8684
44819,2016,Oct,1295
4482,2016,Oct,2700
44831,2016,Oct,2131
451,2016,Oct,6317
45111,2016,Oct,3340
45112,2016,Oct,1423
451211,2016,Oct,686
452,2016,Oct,55157
4521,2016,Oct,11782
452111,2016,Oct,4057
452112,2016,Oct,7725
4529,2016,Oct,43375
45291,2016,Oct,37326
45299,2016,Oct,6049
453,2016,Oct,10652
4532,2016,Oct,2790
45321,2016,Oct,1008
45322,2016,Oct,1782
45330,2016,Oct,1635
454,2016,Oct,45411
4541,2016,Oct,39491
45431,2016,Oct,1819
722,2016,Oct,55734
7224,2016,Oct,2248
7225,2016,Oct,47734
722511,2016,Oct,23278
441,2015,Oct,90400
"4411,4412",2015,Oct,82592
4411,2015,Oct,77759
44111,2015,Oct,69848
44112,2015,Oct,7911
4413,2015,Oct,7808
"442,443",2015,Oct,17195
442,2015,Oct,9108
4421,2015,Oct,4907
4422,2015,Oct,4201
44221,2015,Oct,1740
442299,2015,Oct,2323
443,2015,Oct,8087
443141,2015,Oct,1383
443142,2015,Oct,6704
444,2015,Oct,28374
4441,2015,Oct,24983
44412,2015,Oct,964
44413,2015,Oct,1998
445,2015,Oct,57575
4451,2015,Oct,51595
44511,2015,Oct,49472
4453,2015,Oct,4273
446,2015,Oct,26791
44611,2015,Oct,22625
447,2015,Oct,37020
448,2015,Oct,20637
4481,2015,Oct,15564
44811,2015,Oct,744
44812,2015,Oct,3454
44814,2015,Oct,8592
44819,2015,Oct,1298
4482,2015,Oct,2705
44831,2015,Oct,2166
451,2015,Oct,6480
45111,2015,Oct,3422
45112,2015,Oct,1427
451211,2015,Oct,720
452,2015,Oct,55762
4521,2015,Oct,12933
452111,2015,Oct,4538
452112,2015,Oct,8395
4529,2015,Oct,42829
45291,2015,Oct,36929
45299,2015,Oct,5900
453,2015,Oct,10356
4532,2015,Oct,3043
45321,2015,Oct,1148
45322,2015,Oct,1895
45330,2015,Oct,1613
454,2015,Oct,41955
4541,2015,Oct,35856
45431,2015,Oct,2078
722,2015,Oct,54048
7224,2015,Oct,1968
7225,2015,Oct,46417
722511,2015,Oct,23059
441,2014,Oct,84334
"4411,4412",2014,Oct,76801
4411,2014,Oct,72434
44111,2014,Oct,64501
44112,2014,Oct,7933
4413,2014,Oct,7533
"442,443",2014,Oct,16702
442,2014,Oct,8441
4421,2014,Oct,4483
4422,2014,Oct,3958
44221,2014,Oct,1648
442299,2014,Oct,2184
443,2014,Oct,8261
443141,2014,Oct,1449
443142,2014,Oct,6812
444,2014,Oct,27795
4441,2014,Oct,24455
44412,2014,Oct,954
44413,2014,Oct,2023
445,2014,Oct,56800
4451,2014,Oct,50995
44511,2014,Oct,48809
4453,2014,Oct,4090
446,2014,Oct,25719
44611,2014,Oct,21676
447,2014,Oct,45437
448,2014,Oct,20220
4481,2014,Oct,15248
44811,2014,Oct,757
44812,2014,Oct,3484
44814,2014,Oct,8324
44819,2014,Oct,1153
4482,2014,Oct,2553
44831,2014,Oct,2229
451,2014,Oct,6441
45111,2014,Oct,3403
45112,2014,Oct,1356
451211,2014,Oct,726
452,2014,Oct,54676
4521,2014,Oct,13144
452111,2014,Oct,4650
452112,2014,Oct,8494
4529,2014,Oct,41532
45291,2014,Oct,35927
45299,2014,Oct,5605
453,2014,Oct,10555
4532,2014,Oct,3218
45321,2014,Oct,1248
45322,2014,Oct,1970
45330,2014,Oct,1523
454,2014,Oct,39643
4541,2014,Oct,32870
45431,2014,Oct,2694
722,2014,Oct,50135
7224,2014,Oct,1913
7225,2014,Oct,42980
722511,2014,Oct,21302
441,2018,Nov,95799
"4411,4412",2018,Nov,88071
4411,2018,Nov,83384
44111,2018,Nov,74948
44112,2018,Nov,8436
4413,2018,Nov,7728
"442,443",2018,Nov,20938
442,2018,Nov,10550
4421,2018,Nov,5530
4422,2018,Nov,5020
442299,2018,Nov,3173
443,2018,Nov,10388
443141,2018,Nov,1552
443142,2018,Nov,8836
444,2018,Nov,30658
4441,2018,Nov,27444
44412,2018,Nov,931
44413,2018,Nov,2194
445,2018,Nov,64068
4451,2018,Nov,56922
44511,2018,Nov,54762
4453,2018,Nov,5181
446,2018,Nov,29389
44611,2018,Nov,24226
447,2018,Nov,41673
448,2018,Nov,25831
4481,2018,Nov,19295
44811,2018,Nov,851
44812,2018,Nov,4055
44814,2018,Nov,10847
44819,2018,Nov,1694
4482,2018,Nov,3409
44831,2018,Nov,2861
451,2018,Nov,7078
45111,2018,Nov,3542
45112,2018,Nov,1769
451211,2018,Nov,752
452,2018,Nov,66046
4521,2018,Nov,14646
452111,2018,Nov,5148
452112,2018,Nov,9498
4529,2018,Nov,51400
45291,2018,Nov,43478
45299,2018,Nov,7922
453,2018,Nov,11356
4532,2018,Nov,2540
45321,2018,Nov,924
45322,2018,Nov,1616
45330,2018,Nov,1588
454,2018,Nov,70567
4541,2018,Nov,62847
45431,2018,Nov,3203
722,2018,Nov,59401
7225,2018,Nov,51090
722511,2018,Nov,25053
441,2017,Nov,93956
"4411,4412",2017,Nov,86418
4411,2017,Nov,82065
44111,2017,Nov,73601
44112,2017,Nov,8464
4413,2017,Nov,7538
"442,443",2017,Nov,21023
442,2017,Nov,10536
4421,2017,Nov,5386
4422,2017,Nov,5150
442299,2017,Nov,3061
443,2017,Nov,10487
443141,2017,Nov,1495
443142,2017,Nov,8992
444,2017,Nov,30477
4441,2017,Nov,27158
44412,2017,Nov,917
44413,2017,Nov,2090
445,2017,Nov,62032
4451,2017,Nov,55239
44511,2017,Nov,52936
4453,2017,Nov,4878
446,2017,Nov,28087
44611,2017,Nov,23314
447,2017,Nov,38512
448,2017,Nov,24438
4481,2017,Nov,18336
44811,2017,Nov,721
44812,2017,Nov,3675
44814,2017,Nov,10593
44819,2017,Nov,1511
4482,2017,Nov,3005
44831,2017,Nov,2834
451,2017,Nov,7801
45111,2017,Nov,3910
45112,2017,Nov,2194
451211,2017,Nov,683
452,2017,Nov,63143
4521,2017,Nov,14737
452111,2017,Nov,5113
452112,2017,Nov,9624
4529,2017,Nov,48406
45291,2017,Nov,41392
45299,2017,Nov,7014
453,2017,Nov,10936
4532,2017,Nov,2360
45321,2017,Nov,951
45322,2017,Nov,1409
45330,2017,Nov,1628
454,2017,Nov,63108
4541,2017,Nov,55955
45431,2017,Nov,2793
722,2017,Nov,55933
7224,2017,Nov,2227
7225,2017,Nov,48101
722511,2017,Nov,23429
441,2016,Nov,89469
"4411,4412",2016,Nov,82178
4411,2016,Nov,77907
44111,2016,Nov,70087
44112,2016,Nov,7820
4413,2016,Nov,7291
"442,443",2016,Nov,19746
442,2016,Nov,9950
4421,2016,Nov,5145
4422,2016,Nov,4805
44221,2016,Nov,1680
442299,2016,Nov,2965
443,2016,Nov,9796
443141,2016,Nov,1613
443142,2016,Nov,8183
444,2016,Nov,28553
4441,2016,Nov,25577
44412,2016,Nov,884
44413,2016,Nov,1855
445,2016,Nov,58850
4451,2016,Nov,52337
44511,2016,Nov,50168
4453,2016,Nov,4668
446,2016,Nov,26488
44611,2016,Nov,21873
447,2016,Nov,34151
448,2016,Nov,23644
4481,2016,Nov,17665
44811,2016,Nov,730
44812,2016,Nov,3718
44814,2016,Nov,9746
44819,2016,Nov,1679
4482,2016,Nov,3027
44831,2016,Nov,2716
451,2016,Nov,7609
45111,2016,Nov,3809
45112,2016,Nov,2225
451211,2016,Nov,715
452,2016,Nov,60949
4521,2016,Nov,14721
452111,2016,Nov,5395
452112,2016,Nov,9326
4529,2016,Nov,46228
45291,2016,Nov,39730
45299,2016,Nov,6498
453,2016,Nov,10171
4532,2016,Nov,2355
45321,2016,Nov,983
45322,2016,Nov,1372
45330,2016,Nov,1559
454,2016,Nov,54828
4541,2016,Nov,48705
45431,2016,Nov,2134
722,2016,Nov,53307
7224,2016,Nov,2079
7225,2016,Nov,46046
722511,2016,Nov,22328
441,2015,Nov,84094
"4411,4412",2015,Nov,76888
4411,2015,Nov,73135
44111,2015,Nov,65942
44112,2015,Nov,7193
4413,2015,Nov,7206
"442,443",2015,Nov,19817
442,2015,Nov,9488
4421,2015,Nov,4963
4422,2015,Nov,4525
44221,2015,Nov,1543
442299,2015,Nov,2847
443,2015,Nov,10329
443141,2015,Nov,1535
443142,2015,Nov,8794
444,2015,Nov,26731
4441,2015,Nov,23678
44412,2015,Nov,781
44413,2015,Nov,1827
445,2015,Nov,57008
4451,2015,Nov,50972
44511,2015,Nov,48985
4453,2015,Nov,4266
446,2015,Nov,25953
44611,2015,Nov,21642
447,2015,Nov,33023
448,2015,Nov,23090
4481,2015,Nov,17420
44811,2015,Nov,752
44812,2015,Nov,3719
44814,2015,Nov,9853
44819,2015,Nov,1404
4482,2015,Nov,2871
44831,2015,Nov,2584
451,2015,Nov,7653
45111,2015,Nov,3828
45112,2015,Nov,2162
451211,2015,Nov,726
452,2015,Nov,61667
4521,2015,Nov,16313
452111,2015,Nov,6146
452112,2015,Nov,10167
4529,2015,Nov,45354
45291,2015,Nov,39212
45299,2015,Nov,6142
453,2015,Nov,9733
4532,2015,Nov,2435
45321,2015,Nov,1073
45322,2015,Nov,1362
45330,2015,Nov,1401
454,2015,Nov,47721
4541,2015,Nov,41774
45431,2015,Nov,2145
722,2015,Nov,50283
7224,2015,Nov,1851
7225,2015,Nov,43697
722511,2015,Nov,21733
441,2014,Nov,78968
"4411,4412",2014,Nov,71921
4411,2014,Nov,68604
44111,2014,Nov,61782
44112,2014,Nov,6822
4413,2014,Nov,7047
"442,443",2014,Nov,19915
442,2014,Nov,8950
4421,2014,Nov,4741
4422,2014,Nov,4209
44221,2014,Nov,1429
442299,2014,Nov,2656
443,2014,Nov,10965
443141,2014,Nov,1593
443142,2014,Nov,9372
444,2014,Nov,25257
4441,2014,Nov,22034
44412,2014,Nov,731
44413,2014,Nov,1879
445,2014,Nov,56852
4451,2014,Nov,50946
44511,2014,Nov,48890
4453,2014,Nov,4103
446,2014,Nov,24286
44611,2014,Nov,20211
447,2014,Nov,40213
448,2014,Nov,23491
4481,2014,Nov,17856
44811,2014,Nov,803
44812,2014,Nov,3859
44814,2014,Nov,9906
44819,2014,Nov,1468
4482,2014,Nov,2838
44831,2014,Nov,2591
451,2014,Nov,7646
45111,2014,Nov,3865
45112,2014,Nov,2137
451211,2014,Nov,728
452,2014,Nov,61913
4521,2014,Nov,16793
452111,2014,Nov,6394
452112,2014,Nov,10399
4529,2014,Nov,45120
45291,2014,Nov,39236
45299,2014,Nov,5884
453,2014,Nov,9611
4532,2014,Nov,2508
45321,2014,Nov,1163
45322,2014,Nov,1345
45330,2014,Nov,1356
454,2014,Nov,43399
4541,2014,Nov,36542
45431,2014,Nov,3166
722,2014,Nov,47614
7224,2014,Nov,1776
7225,2014,Nov,41230
722511,2014,Nov,20801
441,2018,Dec,101962
"4411,4412",2018,Dec,94861
4411,2018,Dec,90543
44111,2018,Dec,82315
44112,2018,Dec,8228
4413,2018,Dec,7101
"442,443",2018,Dec,22898
442,2018,Dec,10937
4421,2018,Dec,5444
4422,2018,Dec,5493
442299,2018,Dec,3849
443,2018,Dec,11961
443141,2018,Dec,1418
443142,2018,Dec,10543
444,2018,Dec,28181
4441,2018,Dec,24892
44412,2018,Dec,806
44413,2018,Dec,2183
445,2018,Dec,68541
4451,2018,Dec,59536
44511,2018,Dec,57402
4453,2018,Dec,6446
446,2018,Dec,31436
44611,2018,Dec,25273
447,2018,Dec,37834
448,2018,Dec,34706
4481,2018,Dec,23750
44811,2018,Dec,1023
44812,2018,Dec,4472
44814,2018,Dec,13628
44819,2018,Dec,2219
4482,2018,Dec,4415
44831,2018,Dec,6095
451,2018,Dec,9111
45111,2018,Dec,4798
45112,2018,Dec,1896
451211,2018,Dec,1270
452,2018,Dec,77853
4521,2018,Dec,19398
452111,2018,Dec,6953
452112,2018,Dec,12445
4529,2018,Dec,58455
45291,2018,Dec,49492
45299,2018,Dec,8963
453,2018,Dec,11860
4532,2018,Dec,3144
45321,2018,Dec,1033
45322,2018,Dec,2111
45330,2018,Dec,1584
454,2018,Dec,75878
4541,2018,Dec,67709
45431,2018,Dec,3698
722,2018,Dec,63237
7225,2018,Dec,55280
722511,2018,Dec,28466
441,2017,Dec,99403
"4411,4412",2017,Dec,92217
4411,2017,Dec,87768
44111,2017,Dec,79660
44112,2017,Dec,8108
4413,2017,Dec,7186
"442,443",2017,Dec,23630
442,2017,Dec,11257
4421,2017,Dec,5344
4422,2017,Dec,5913
442299,2017,Dec,4023
443,2017,Dec,12373
443141,2017,Dec,1421
443142,2017,Dec,10952
444,2017,Dec,27837
4441,2017,Dec,24487
44412,2017,Dec,806
44413,2017,Dec,2167
445,2017,Dec,67898
4451,2017,Dec,58990
44511,2017,Dec,56704
4453,2017,Dec,6282
446,2017,Dec,31307
44611,2017,Dec,25347
447,2017,Dec,38362
448,2017,Dec,33720
4481,2017,Dec,23365
44811,2017,Dec,948
44812,2017,Dec,4574
44814,2017,Dec,13583
44819,2017,Dec,1820
4482,2017,Dec,4047
44831,2017,Dec,5888
451,2017,Dec,10864
45111,2017,Dec,5400
45112,2017,Dec,3182
451211,2017,Dec,1151
452,2017,Dec,78077
4521,2017,Dec,20280
452111,2017,Dec,8282
452112,2017,Dec,11998
4529,2017,Dec,57797
45291,2017,Dec,49210
45299,2017,Dec,8587
453,2017,Dec,11875
4532,2017,Dec,3236
45321,2017,Dec,1054
45322,2017,Dec,2182
45330,2017,Dec,1639
454,2017,Dec,75998
4541,2017,Dec,67925
45431,2017,Dec,3837
722,2017,Dec,61408
7224,2017,Dec,2397
7225,2017,Dec,53567
722511,2017,Dec,27455
441,2016,Dec,99994
"4411,4412",2016,Dec,92508
4411,2016,Dec,88256
44111,2016,Dec,79853
44112,2016,Dec,8403
4413,2016,Dec,7486
"442,443",2016,Dec,23092
442,2016,Dec,10870
4421,2016,Dec,5159
4422,2016,Dec,5711
44221,2016,Dec,1647
442299,2016,Dec,3910
443,2016,Dec,12222
443141,2016,Dec,1598
443142,2016,Dec,10624
444,2016,Dec,26901
4441,2016,Dec,23649
44412,2016,Dec,784
44413,2016,Dec,2028
445,2016,Dec,64672
4451,2016,Dec,55955
44511,2016,Dec,53765
4453,2016,Dec,6048
446,2016,Dec,30440
44611,2016,Dec,24519
447,2016,Dec,35375
448,2016,Dec,34482
4481,2016,Dec,23743
44811,2016,Dec,995
44812,2016,Dec,4702
44814,2016,Dec,13382
44819,2016,Dec,2217
4482,2016,Dec,4235
44831,2016,Dec,6072
451,2016,Dec,11436
45111,2016,Dec,5746
45112,2016,Dec,3421
451211,2016,Dec,1239
452,2016,Dec,75885
4521,2016,Dec,21181
452111,2016,Dec,8832
452112,2016,Dec,12349
4529,2016,Dec,54704
45291,2016,Dec,46649
45299,2016,Dec,8055
453,2016,Dec,11578
4532,2016,Dec,3375
45321,2016,Dec,1143
45322,2016,Dec,2232
45330,2016,Dec,1523
454,2016,Dec,68923
4541,2016,Dec,61669
45431,2016,Dec,3153
722,2016,Dec,57495
7224,2016,Dec,2214
7225,2016,Dec,50034
722511,2016,Dec,25368
441,2015,Dec,93138
"4411,4412",2015,Dec,86011
4411,2015,Dec,81557
44111,2015,Dec,74458
44112,2015,Dec,7099
4413,2015,Dec,7127
"442,443",2015,Dec,23841
442,2015,Dec,10925
4421,2015,Dec,5188
4422,2015,Dec,5737
44221,2015,Dec,1629
442299,2015,Dec,3970
443,2015,Dec,12916
443141,2015,Dec,1591
443142,2015,Dec,11325
444,2015,Dec,26876
4441,2015,Dec,23557
44412,2015,Dec,747
44413,2015,Dec,1888
445,2015,Dec,62107
4451,2015,Dec,53712
44511,2015,Dec,51751
4453,2015,Dec,5816
446,2015,Dec,30763
44611,2015,Dec,25212
447,2015,Dec,32600
448,2015,Dec,33345
4481,2015,Dec,22791
44811,2015,Dec,1054
44812,2015,Dec,4910
44814,2015,Dec,12634
44819,2015,Dec,1924
4482,2015,Dec,4047
44831,2015,Dec,6054
451,2015,Dec,12138
45111,2015,Dec,6134
45112,2015,Dec,3563
451211,2015,Dec,1321
452,2015,Dec,76264
4521,2015,Dec,22980
452111,2015,Dec,9425
452112,2015,Dec,13555
4529,2015,Dec,53284
45291,2015,Dec,45465
45299,2015,Dec,7819
453,2015,Dec,11222
4532,2015,Dec,3512
45321,2015,Dec,1285
45322,2015,Dec,2227
45330,2015,Dec,1432
454,2015,Dec,62668
4541,2015,Dec,55972
45431,2015,Dec,2538
722,2015,Dec,54663
7224,2015,Dec,1970
7225,2015,Dec,48011
722511,2015,Dec,24583
441,2014,Dec,86548
"4411,4412",2014,Dec,79897
4411,2014,Dec,76259
44111,2014,Dec,69256
44112,2014,Dec,7003
4413,2014,Dec,6651
"442,443",2014,Dec,24130
442,2014,Dec,10231
4421,2014,Dec,4836
4422,2014,Dec,5395
44221,2014,Dec,1431
442299,2014,Dec,3853
443,2014,Dec,13899
443141,2014,Dec,1623
443142,2014,Dec,12276
444,2014,Dec,24493
4441,2014,Dec,21129
44412,2014,Dec,706
44413,2014,Dec,1889
445,2014,Dec,61138
4451,2014,Dec,52883
44511,2014,Dec,50905
4453,2014,Dec,5572
446,2014,Dec,29170
44611,2014,Dec,24046
447,2014,Dec,36996
448,2014,Dec,32638
4481,2014,Dec,22731
44811,2014,Dec,1070
44812,2014,Dec,4952
44814,2014,Dec,12344
44819,2014,Dec,1967
4482,2014,Dec,3732
44831,2014,Dec,5766
451,2014,Dec,11642
45111,2014,Dec,5785
45112,2014,Dec,3501
451211,2014,Dec,1332
452,2014,Dec,75394
4521,2014,Dec,23834
452111,2014,Dec,9816
452112,2014,Dec,14018
4529,2014,Dec,51560
45291,2014,Dec,44232
45299,2014,Dec,7328
453,2014,Dec,11186
4532,2014,Dec,3469
45321,2014,Dec,1389
45322,2014,Dec,2080
45330,2014,Dec,1343
454,2014,Dec,58263
4541,2014,Dec,50628
45431,2014,Dec,3860
722,2014,Dec,50732
7224,2014,Dec,1830
7225,2014,Dec,44545
722511,2014,Dec,22985
